country,year,y1,y2,x1,x2,e
Australia,1971,71.6,71.6,821.082,821.082,0
Australia,1972,71.6,72,821.082,825.388,0
Australia,1973,72,72,825.388,836.636,0
Australia,1974,72,71.9,836.636,952.533,0
Australia,1975,71.9,72.7,952.533,1111.815,0
Australia,1976,72.7,72.8,1111.815,1135.866,0
Australia,1977,72.8,73.3,1135.866,1174.613,0
Australia,1978,73.3,73.7,1174.613,1179.662,0
Australia,1979,73.7,74.3,1179.662,1165.518,0
Australia,1980,74.3,74.5,1165.518,1175.567,0
Australia,1981,74.5,74.9,1175.567,1183.187,0
Australia,1982,74.9,74.7,1183.187,1184.459,0
Australia,1983,74.7,75.5,1184.459,1219.082,0
Australia,1984,75.5,75.8,1219.082,1268.452,0
Australia,1985,75.8,75.6,1268.452,1334.171,0
Australia,1986,75.6,76,1334.171,1395.724,0
Australia,1987,76,76.3,1395.724,1398.539,0
Australia,1988,76.3,76.3,1398.539,1422.897,0
Australia,1989,76.3,76.5,1422.897,1452.548,0
Australia,1990,76.5,77,1452.548,1494.439,0
Australia,1991,77,77.4,1494.439,1540.713,0
Australia,1992,77.4,77.5,1540.713,1601.386,0
Australia,1993,77.5,78,1601.386,1661.636,0
Australia,1994,78,78,1661.636,1724.505,0
Australia,1995,78,77.9,1724.505,1784.879,0
Australia,1996,77.9,78.2,1784.879,1878.241,0
Australia,1997,78.2,78.5,1878.241,1954.061,0
Australia,1998,78.5,78.7,1954.061,2079.679,0
Australia,1999,78.7,79,2079.679,2171.489,0
Australia,2000,79,79.3,2171.489,2266.448,0
Australia,2001,79.3,79.7,2266.448,2346.26,0
Australia,2002,79.7,80,2346.26,2460.924,0
Australia,2003,80,80.3,2460.924,2510.662,0
Australia,2004,80.3,80.5,2510.662,2630.814,0
Australia,2005,80.5,80.9,2630.814,2641.232,0
Australia,2006,80.9,81.1,2641.232,2709.534,0
Australia,2007,81.1,81.3,2709.534,2784.175,0
Australia,2008,81.3,81.5,2784.175,2827.048,0
Austria,1970,70,70,702.037,702.037,0
Austria,1971,70,70.2,702.037,732.77,0
Austria,1972,70.2,70.5,732.77,766.674,0
Austria,1973,70.5,71.1,766.674,824.414,0
Austria,1974,71.1,71.1,824.414,877.783,0
Austria,1975,71.1,71.2,877.783,1129.014,0
Austria,1976,71.2,71.7,1129.014,1215.465,0
Austria,1977,71.7,72,1215.465,1260.508,0
Austria,1978,72,72.1,1260.508,1325.616,0
Austria,1979,72.1,72.4,1325.616,1388.922,0
Austria,1980,72.4,72.6,1388.922,1428.707,0
Austria,1981,72.6,72.9,1428.707,1254.291,0
Austria,1982,72.9,73,1254.291,1258.496,0
Austria,1983,73,73.1,1258.496,1262.378,0
Austria,1984,73.1,73.7,1262.378,1275.407,0
Austria,1985,73.7,73.9,1275.407,1325.07,0
Austria,1986,73.9,74.4,1325.07,1403.465,0
Austria,1987,74.4,74.8,1403.465,1450.699,0
Austria,1988,74.8,75.3,1450.699,1495.908,0
Austria,1989,75.3,75.4,1495.908,1586.623,0
Austria,1990,75.4,75.6,1586.623,1951.86,0
Austria,1991,75.6,75.7,1951.86,2007.38,0
Austria,1992,75.7,75.9,2007.38,2087.173,0
Austria,1993,75.9,76.1,2087.173,2224.061,0
Austria,1994,76.1,76.5,2224.061,2350.716,0
Austria,1995,76.5,76.7,2350.716,2384.325,0
Austria,1996,76.7,77,2384.325,2422.684,0
Austria,1997,77,77.4,2422.684,2559.924,0
Austria,1998,77.4,77.7,2559.924,2693.319,0
Austria,1999,77.7,77.9,2693.319,2815.351,0
Austria,2000,77.9,78.2,2815.351,2861.543,0
Austria,2001,78.2,78.6,2861.543,2906.393,0
Austria,2002,78.6,78.7,2906.393,2947.114,0
Austria,2003,78.7,78.7,2947.114,3009.311,0
Austria,2004,78.7,79.2,3009.311,3101.674,0
Austria,2005,79.2,79.4,3101.674,3154.562,0
Austria,2006,79.4,79.9,3154.562,3207.302,0
Austria,2007,79.9,80.2,3207.302,3314.735,0
Austria,2008,80.2,80.5,3314.735,3403.555,0
Austria,2009,80.5,80.4,3403.555,3477.439,0
Belgium,1970,71,71,541.118,541.118,0
Belgium,1971,71,71.1,541.118,572.963,0
Belgium,1972,71.1,71.5,572.963,624.311,0
Belgium,1973,71.5,71.7,624.311,705.652,0
Belgium,1974,71.7,72.1,705.652,743.843,0
Belgium,1975,72.1,72,743.843,913.785,0
Belgium,1976,72,72.2,913.785,999.795,0
Belgium,1977,72.2,72.9,999.795,1086.968,0
Belgium,1978,72.9,72.8,1086.968,1150.956,0
Belgium,1979,72.8,73.3,1150.956,1173.55,0
Belgium,1980,73.3,73.3,1173.55,1183.216,0
Belgium,1981,73.3,73.7,1183.216,1259.139,0
Belgium,1982,73.7,74,1259.139,1310.863,0
Belgium,1983,74,74,1310.863,1347.251,0
Belgium,1984,74,74.5,1347.251,1349.221,0
Belgium,1985,74.5,74.6,1349.221,1381.077,0
Belgium,1986,74.6,74.8,1381.077,1440.766,0
Belgium,1987,74.8,75.4,1440.766,1495.159,0
Belgium,1988,75.4,75.7,1495.159,1560.592,0
Belgium,1989,75.7,75.7,1560.592,1596.112,0
Belgium,1990,75.7,76.1,1596.112,1651.268,0
Belgium,1991,76.1,76.3,1651.268,1748.416,0
Belgium,1992,76.3,76.4,1748.416,1810.701,0
Belgium,1993,76.4,76.4,1810.701,1815.257,0
Belgium,1994,76.4,76.8,1815.257,1819.291,0
Belgium,1995,76.8,76.9,1819.291,1848.57,0
Belgium,1996,76.9,77.3,1848.57,1944.386,0
Belgium,1997,77.3,77.5,1944.386,1975.457,0
Belgium,1998,77.5,77.5,1975.457,2040.536,0
Belgium,1999,77.5,77.7,2040.536,2158.892,0
Belgium,2000,77.7,77.8,2158.892,2245.028,0
Belgium,2001,77.8,78,2245.028,2302.817,0
Belgium,2002,78,78.2,2302.817,2371.254,0
Belgium,2003,78.2,78.2,2371.254,2818.925,0
Belgium,2004,78.2,79,2818.925,2933.342,0
Belgium,2005,79,79,2933.342,2937.439,0
Belgium,2006,79,79.5,2937.439,2860.869,0
Belgium,2007,79.5,79.8,2860.869,2939.789,0
Belgium,2008,79.8,79.8,2939.789,3072.771,0
Belgium,2009,79.8,80,3072.771,3200.317,0
Canada,1971,72.8,72.8,1133.316,1133.316,0
Canada,1972,72.8,73,1133.316,1165.4666,1
Canada,1973,73,73.2,1165.4666,1197.6172,1
Canada,1974,73.2,73.4,1197.6172,1229.7678,1
Canada,1975,73.4,73.6,1229.7678,1261.9184,1
Canada,1976,73.6,73.8,1261.9184,1294.069,0
Canada,1977,73.8,74.23333333,1294.069,1317.512333,1
Canada,1978,74.23333333,74.66666667,1317.512333,1340.955667,1
Canada,1979,74.66666667,75.1,1340.955667,1364.399,0
Canada,1980,75.1,75.3,1364.399,1423.403,0
Canada,1981,75.3,75.5,1423.403,1496.001,0
Canada,1982,75.5,75.9,1496.001,1595.895,0
Canada,1983,75.9,76.2,1595.895,1658.008,0
Canada,1984,76.2,76.5,1658.008,1715.824,0
Canada,1985,76.5,76.5,1715.824,1787.307,0
Canada,1986,76.5,76.6,1787.307,1866.697,0
Canada,1987,76.6,77,1866.697,1902.824,0
Canada,1988,77,77,1902.824,1956.326,0
Canada,1989,77,77.3,1956.326,2021.928,0
Canada,1990,77.3,77.6,2021.928,2098.669,0
Canada,1991,77.6,77.8,2098.669,2188.958,0
Canada,1992,77.8,78,2188.958,2244.065,0
Canada,1993,78,78,2244.065,2244.0125,1
Canada,1994,78,78,2244.0125,2243.96,0
Canada,1995,78,78,2243.96,2201.035,0
Canada,1996,78,78.2,2201.035,2161.524,0
Canada,1997,78.2,78.3,2161.524,2221.264,0
Canada,1998,78.3,78.5,2221.264,2358.797,0
Canada,1999,78.5,78.8,2358.797,2432.376,0
Canada,2000,78.8,79,2432.376,2518.86,0
Canada,2001,79,79.3,2518.86,2672.132,0
Canada,2002,79.3,79.5,2672.132,2801.607,0
Canada,2003,79.5,79.7,2801.607,2880.637,0
Canada,2004,79.7,79.9,2880.637,2939.182,0
Canada,2005,79.9,80.1,2939.182,3013.398,0
Canada,2006,80.1,80.4,3013.398,3111.086,0
Canada,2007,80.4,80.7,3111.086,3169.993,0
Chile,1995,74.8,74.8,432.387,432.387,0
Chile,1996,74.8,75.2,432.387,498.251,0
Chile,1997,75.2,75.7,498.251,534.435,0
Chile,1998,75.7,75.8,534.435,588.576,0
Chile,1999,75.8,76,588.576,593.186,0
Chile,2000,76,76.8,593.186,615.06,0
Chile,2001,76.8,76.8,615.06,641.256,0
Chile,2002,76.8,77.4,641.256,646.08,0
Chile,2003,77.4,77.4,646.08,735.882,0
Chile,2004,77.4,77.4,735.882,731.149,0
Chile,2005,77.4,77.9,731.149,746.853,0
Chile,2006,77.9,78.4,746.853,741.108,0
Chile,2007,78.4,77.8,741.108,799.386,0
Chile,2008,77.8,77.8,799.386,891.962,0
Chile,2009,77.8,78.4,891.962,972.12,0
Czech Republic,1990,71.5,71.5,680.955,680.955,0
Czech Republic,1991,71.5,72,680.955,635.629,0
Czech Republic,1992,72,72.4,635.629,652.893,0
Czech Republic,1993,72.4,72.9,652.893,862.433,0
Czech Republic,1994,72.9,73.2,862.433,899.008,0
Czech Republic,1995,73.2,73.3,899.008,969.507,0
Czech Republic,1996,73.3,73.9,969.507,968.062,0
Czech Republic,1997,73.9,74,968.062,955.277,0
Czech Republic,1998,74,74.7,955.277,943.887,0
Czech Republic,1999,74.7,74.9,943.887,947.517,0
Czech Republic,2000,74.9,75.1,947.517,981.401,0
Czech Republic,2001,75.1,75.3,981.401,1031.746,0
Czech Republic,2002,75.3,75.4,1031.746,1116.229,0
Czech Republic,2003,75.4,75.3,1116.229,1214.671,0
Czech Republic,2004,75.3,75.9,1214.671,1225.021,0
Czech Republic,2005,75.9,76,1225.021,1309.258,0
Czech Republic,2006,76,76.7,1309.258,1340.649,0
Czech Republic,2007,76.7,77,1340.649,1372.98,0
Czech Republic,2008,77,77.3,1372.98,1465.883,0
Czech Republic,2009,77.3,77.3,1465.883,1618.614,0
Denmark,1971,73.3,73.3,1275.285,1275.285,0
Denmark,1972,73.3,73.4,1275.285,1333.572,0
Denmark,1973,73.4,73.5,1333.572,1339.34,0
Denmark,1974,73.5,73.7,1339.34,1443.516,0
Denmark,1975,73.7,74,1443.516,1460.7,0
Denmark,1976,74,74,1460.7,1526.234,0
Denmark,1977,74,74.2,1526.234,1515.669,0
Denmark,1978,74.2,74.5,1515.669,1565.948,0
Denmark,1979,74.5,74.3,1565.948,1641.742,0
Denmark,1980,74.3,74.3,1641.742,1693.692,0
Denmark,1981,74.3,74.2,1693.692,1717.428,0
Denmark,1982,74.2,74.4,1717.428,1783.774,0
Denmark,1983,74.4,74.5,1783.774,1777.059,0
Denmark,1984,74.5,74.5,1777.059,1763.869,0
Denmark,1985,74.5,74.6,1763.869,1839.357,0
Denmark,1986,74.6,74.7,1839.357,1853.157,0
Denmark,1987,74.7,74.8,1853.157,1926.257,0
Denmark,1988,74.8,74.9,1926.257,1957.007,0
Denmark,1989,74.9,74.9,1957.007,1929.622,0
Denmark,1990,74.9,74.9,1929.622,1932.495,0
Denmark,1991,74.9,75.3,1932.495,1924.205,0
Denmark,1992,75.3,75.3,1924.205,1968.871,0
Denmark,1993,75.3,75.2,1968.871,2047.4,0
Denmark,1994,75.2,75.5,2047.4,2101.648,0
Denmark,1995,75.5,75.3,2101.648,2077.241,0
Denmark,1996,75.3,75.7,2077.241,2144.982,0
Denmark,1997,75.7,76.1,2144.982,2187.811,0
Denmark,1998,76.1,76.5,2187.811,2229.299,0
Denmark,1999,76.5,76.6,2229.299,2501.54,0
Denmark,2000,76.6,76.8,2501.54,2507.587,0
Denmark,2001,76.8,77,2507.587,2632.947,0
Denmark,2002,77,77.1,2632.947,2703.176,0
Denmark,2003,77.1,77.4,2703.176,2758.238,0
Denmark,2004,77.4,77.8,2758.238,2863.238,0
Denmark,2005,77.8,78.2,2863.238,2953.985,0
Denmark,2006,78.2,78.4,2953.985,3091.906,0
Denmark,2007,78.4,78.4,3091.906,3147.559,0
Denmark,2008,78.4,78.8,3147.559,3177.294,0
Denmark,2009,78.8,79,3177.294,3368.231,0
Estonia,1999,70.2,70.2,522.417,522.417,0
Estonia,2000,70.2,70.6,522.417,522.14,0
Estonia,2001,70.6,70.4,522.14,518.42,0
Estonia,2002,70.4,71,518.42,560.792,0
Estonia,2003,71,71.5,560.792,623.48,0
Estonia,2004,71.5,72,623.48,689.259,0
Estonia,2005,72,72.7,689.259,739.113,0
Estonia,2006,72.7,72.9,739.113,817.566,0
Estonia,2007,72.9,72.9,817.566,913.99,0
Estonia,2008,72.9,73.9,913.99,1012.494,0
Estonia,2009,73.9,75,1012.494,1001.071,0
Finland,1970,70.8,70.8,664.589,664.589,0
Finland,1971,70.8,70,664.589,698.829,0
Finland,1972,70,70.7,698.829,763.678,0
Finland,1973,70.7,71.2,763.678,794.722,0
Finland,1974,71.2,71.2,794.722,808.883,0
Finland,1975,71.2,71.7,808.883,899.376,0
Finland,1976,71.7,72,899.376,941.659,0
Finland,1977,72,72.4,941.659,973.175,0
Finland,1978,72.4,73,973.175,984.977,0
Finland,1979,73,73.2,984.977,1018.075,0
Finland,1980,73.2,73.6,1018.075,1055.895,0
Finland,1981,73.6,73.9,1055.895,1093.981,0
Finland,1982,73.9,74.5,1093.981,1142.919,0
Finland,1983,74.5,74.4,1142.919,1193.186,0
Finland,1984,74.4,74.7,1193.186,1228.03,0
Finland,1985,74.7,74.4,1228.03,1329.414,0
Finland,1986,74.4,74.8,1329.414,1376.544,0
Finland,1987,74.8,74.8,1376.544,1447.886,0
Finland,1988,74.8,74.8,1447.886,1477.347,0
Finland,1989,74.8,75,1477.347,1556.986,0
Finland,1990,75,75,1556.986,1681.413,0
Finland,1991,75,75.4,1681.413,1793.537,0
Finland,1992,75.4,75.6,1793.537,1752.613,0
Finland,1993,75.6,75.8,1752.613,1585.032,0
Finland,1994,75.8,76.6,1585.032,1525.712,0
Finland,1995,76.6,76.6,1525.712,1614.9,0
Finland,1996,76.6,76.9,1614.9,1705.989,0
Finland,1997,76.9,77.1,1705.989,1734.823,0
Finland,1998,77.1,77.3,1734.823,1731.285,0
Finland,1999,77.3,77.5,1731.285,1800.525,0
Finland,2000,77.5,77.7,1800.525,1852.894,0
Finland,2001,77.7,78.1,1852.894,1944.895,0
Finland,2002,78.1,78.3,1944.895,2077.563,0
Finland,2003,78.3,78.5,2077.563,2207.122,0
Finland,2004,78.5,78.9,2207.122,2307.596,0
Finland,2005,78.9,79.1,2307.596,2430.237,0
Finland,2006,79.1,79.5,2430.237,2502.165,0
Finland,2007,79.5,79.6,2502.165,2529.975,0
Finland,2008,79.6,79.9,2529.975,2638.111,0
Finland,2009,79.9,80,2638.111,2640.681,0
France,1970,72.2,72.2,719.966,719.966,0
France,1971,72.2,73.48,719.966,1157.0844,1
France,1972,73.48,73.64,1157.0844,1211.7242,1
France,1973,73.64,73.8,1211.7242,1266.364,1
France,1974,73.8,73.96,1266.364,1321.0038,1
France,1975,73.96,73,1321.0038,993.165,0
France,1976,73,75.08,993.165,1428.5218,1
France,1977,75.08,75.34,1428.5218,1482.9414,1
France,1978,75.34,75.6,1482.9414,1537.361,1
France,1979,75.6,75.86,1537.361,1591.7806,1
France,1980,75.86,74.3,1591.7806,1265.263,0
France,1981,74.3,75.9,1265.263,1671.5078,1
France,1982,75.9,76.1,1671.5078,1722.2884,1
France,1983,76.1,76.3,1722.2884,1773.069,1
France,1984,76.3,76.5,1773.069,1823.8496,1
France,1985,76.5,75.3,1823.8496,1519.166,0
France,1986,75.3,77.7,1519.166,1991.4476,1
France,1987,77.7,78,1991.4476,2050.4828,1
France,1988,78,78.3,2050.4828,2109.518,1
France,1989,78.3,78.6,2109.518,2168.5532,1
France,1990,78.6,76.8,2168.5532,1814.342,0
France,1991,76.8,77,1814.342,1883.496,0
France,1992,77,77.3,1883.496,1954.923,0
France,1993,77.3,77.3,1954.923,2028.625,0
France,1994,77.3,77.7,2028.625,2055.692,0
France,1995,77.7,77.8,2055.692,2336.092,0
France,1996,77.8,78,2336.092,2353.858,0
France,1997,78,78.4,2353.858,2365.818,0
France,1998,78.4,78.5,2365.818,2415.636,0
France,1999,78.5,78.7,2415.636,2491.008,0
France,2000,78.7,79,2491.008,2553.121,0
France,2001,79,79.2,2553.121,2614.692,0
France,2002,79.2,79.3,2614.692,2705.125,0
France,2003,79.3,79.3,2705.125,2809.304,0
France,2004,79.3,80.3,2809.304,2890.011,0
France,2005,80.3,80.3,2890.011,2947.707,0
France,2006,80.3,80.7,2947.707,2975.436,0
France,2007,80.7,80.9,2975.436,3020.814,0
France,2008,80.9,81,3020.814,3032.321,0
France,2009,81,81,3032.321,3115.361,0
Germany,1970,70.5,70.5,944.958,944.958,0
Germany,1971,70.5,70.8,944.958,1040.567,0
Germany,1972,70.8,71,1040.567,1132.693,0
Germany,1973,71,71.2,1132.693,1243.095,0
Germany,1974,71.2,71.5,1243.095,1345.615,0
Germany,1975,71.5,71.4,1345.615,1454.758,0
Germany,1976,71.4,71.8,1454.758,1534.384,0
Germany,1977,71.8,72.4,1534.384,1570.739,0
Germany,1978,72.4,72.4,1570.739,1641.386,0
Germany,1979,72.4,72.8,1641.386,1672.67,0
Germany,1980,72.8,72.9,1672.67,1736.691,0
Germany,1981,72.9,73.2,1736.691,1800.679,0
Germany,1982,73.2,73.5,1800.679,1769.02,0
Germany,1983,73.5,73.8,1769.02,1798.02,0
Germany,1984,73.8,74.2,1798.02,1873.172,0
Germany,1985,74.2,74.3,1873.172,1953.871,0
Germany,1986,74.3,74.5,1953.871,1972.975,0
Germany,1987,74.5,75,1972.975,2023.739,0
Germany,1988,75,75.2,2023.739,2126.569,0
Germany,1989,75.2,75.4,2126.569,2040.609,0
Germany,1990,75.4,75.3,2040.609,2093.591,0
Germany,1991,75.3,75.65,2093.591,2153.33,1
Germany,1992,75.65,76,2153.33,2213.069,0
Germany,1993,76,76.1,2213.069,2180.029,0
Germany,1994,76.1,76.4,2180.029,2277.755,0
Germany,1995,76.4,76.6,2277.755,2382.987,0
Germany,1996,76.6,76.8,2382.987,2470.698,0
Germany,1997,76.8,77.3,2470.698,2472.629,0
Germany,1998,77.3,77.7,2472.629,2525.902,0
Germany,1999,77.7,77.9,2525.902,2584.205,0
Germany,2000,77.9,78.2,2584.205,2668.335,0
Germany,2001,78.2,78.5,2668.335,2730.644,0
Germany,2002,78.5,78.5,2730.644,2784.504,0
Germany,2003,78.5,78.6,2784.504,2830.496,0
Germany,2004,78.6,79.2,2830.496,2801.691,0
Germany,2005,79.2,79.4,2801.691,2857.012,0
Germany,2006,79.4,79.8,2857.012,2915.835,0
Germany,2007,79.8,80,2915.835,2962.535,0
Germany,2008,80,80.2,2962.535,3056.588,0
Germany,2009,80.2,80.3,3056.588,3180.273,0
Greece,1970,73.8,73.8,583.745,583.745,0
Greece,1971,73.8,78.75,583.745,1655.6609,1
Greece,1972,78.75,78.9,1655.6609,1688.1432,1
Greece,1973,78.9,79.05,1688.1432,1720.6255,1
Greece,1974,79.05,79.2,1720.6255,1753.1078,1
Greece,1975,79.2,79.35,1753.1078,1785.5901,1
Greece,1976,79.35,79.5,1785.5901,1818.0724,1
Greece,1977,79.5,79.65,1818.0724,1850.5547,1
Greece,1978,79.65,79.8,1850.5547,1883.037,1
Greece,1979,79.8,79.95,1883.037,1915.5193,1
Greece,1980,79.95,75.3,1915.5193,908.568,0
Greece,1981,75.3,79.54285714,908.568,1211.361857,1
Greece,1982,79.54285714,79.67142857,1211.361857,1220.537429,1
Greece,1983,79.67142857,79.8,1220.537429,1229.713,1
Greece,1984,79.8,79.92857143,1229.713,1238.888571,1
Greece,1985,79.92857143,80.05714286,1238.888571,1248.064143,1
Greece,1986,80.05714286,80.18571429,1248.064143,1257.239714,1
Greece,1987,80.18571429,76.2,1257.239714,972.797,0
Greece,1988,76.2,76.8,972.797,907.763,0
Greece,1989,76.8,77,907.763,1030.69,0
Greece,1990,77,77.1,1030.69,1036.397,0
Greece,1991,77.1,77.1,1036.397,1033.044,0
Greece,1992,77.1,77,1033.044,1125.028,0
Greece,1993,77,77.4,1125.028,1226.948,0
Greece,1994,77.4,77.5,1226.948,1357.9,0
Greece,1995,77.5,77.5,1357.9,1370.195,0
Greece,1996,77.5,77.6,1370.195,1387.048,0
Greece,1997,77.6,77.9,1387.048,1409.149,0
Greece,1998,77.9,77.8,1409.149,1437.006,0
Greece,1999,77.8,78,1437.006,1523.312,0
Greece,2000,78,78,1523.312,1450.597,0
Greece,2001,78,78.5,1450.597,1683.786,0
Greece,2002,78.5,78.7,1683.786,1793.923,0
Greece,2003,78.7,78.8,1793.923,1859.561,0
Greece,2004,78.8,79,1859.561,1879.803,0
Greece,2005,79,79.2,1879.803,2112.388,0
Greece,2006,79.2,79.5,2112.388,2224.453,0
Greece,2007,79.5,79.5,2224.453,2314.337,0
Hungary,1991,69.4,69.4,698.46,698.46,0
Hungary,1992,69.4,69.2,698.46,727.264,0
Hungary,1993,69.2,69.2,727.264,726.267,0
Hungary,1994,69.2,69.5,726.267,802.458,0
Hungary,1995,69.5,69.9,802.458,731.929,0
Hungary,1996,69.9,70.4,731.929,705.13,0
Hungary,1997,70.4,70.8,705.13,708.464,0
Hungary,1998,70.8,70.7,708.464,779.735,0
Hungary,1999,70.7,70.8,779.735,830.529,0
Hungary,2000,70.8,71.7,830.529,852.618,0
Hungary,2001,71.7,72.3,852.618,901.761,0
Hungary,2002,72.3,72.5,901.761,994.245,0
Hungary,2003,72.5,72.5,994.245,1143.405,0
Hungary,2004,72.5,72.8,1143.405,1151.294,0
Hungary,2005,72.8,72.8,1151.294,1240.058,0
Hungary,2006,72.8,73.2,1240.058,1252.382,0
Hungary,2007,73.2,73.3,1252.382,1164.098,0
Hungary,2008,73.3,73.8,1164.098,1137.753,0
Hungary,2009,73.8,74,1137.753,1096.341,0
Iceland,1970,74.3,74.3,603.109,603.109,0
Iceland,1971,74.3,79,603.109,3575.107,1
Iceland,1972,79,79.1,3575.107,3638.341,1
Iceland,1973,79.1,74.5,3638.341,729.577,0
Iceland,1974,74.5,75.3,729.577,823.853,1
Iceland,1975,75.3,76.1,823.853,932.386,0
Iceland,1976,76.1,76.1,932.386,918.129,0
Iceland,1977,76.1,76.3,918.129,981.683,0
Iceland,1978,76.3,76.3,981.683,1110.874,0
Iceland,1979,76.3,76.7,1110.874,1303.902,0
Iceland,1980,76.7,76.7,1303.902,1322.085,0
Iceland,1981,76.7,76.7,1322.085,1409.79,0
Iceland,1982,76.7,76.7,1409.79,1483.648,0
Iceland,1983,76.7,77.1,1483.648,1556.212,0
Iceland,1984,77.1,77.1,1556.212,1496.968,0
Iceland,1985,77.1,77.6,1496.968,1606.42,0
Iceland,1986,77.6,77.9,1606.42,1809.011,0
Iceland,1987,77.9,77.2,1809.011,1985.547,0
Iceland,1988,77.2,77.1,1985.547,2088.768,0
Iceland,1989,77.1,78.1,2088.768,2023.447,0
Iceland,1990,78.1,78,2023.447,1931.001,0
Iceland,1991,78,78,1931.001,1958.203,0
Iceland,1992,78,78.7,1958.203,1899.96,0
Iceland,1993,78.7,78.9,1899.96,1928.581,0
Iceland,1994,78.9,79.2,1928.581,1934.987,0
Iceland,1995,79.2,78,1934.987,1960.59,0
Iceland,1996,78,78.8,1960.59,2032.45,0
Iceland,1997,78.8,78.9,2032.45,2099.126,0
Iceland,1998,78.9,79.6,2099.126,2428.667,0
Iceland,1999,79.6,79.6,2428.667,2699.398,0
Iceland,2000,79.6,80.1,2699.398,2739.767,0
Iceland,2001,80.1,80.2,2739.767,2761.456,0
Iceland,2002,80.2,80.6,2761.456,2979.211,0
Iceland,2003,80.6,81.2,2979.211,3102.015,0
Iceland,2004,81.2,81,3102.015,3147.48,0
Iceland,2005,81,81.2,3147.48,3189.632,0
Iceland,2006,81.2,81.2,3189.632,3138.829,0
Iceland,2007,81.2,81.2,3138.829,3236.692,0
Iceland,2008,81.2,81.3,3236.692,3208.285,0
Iceland,2009,81.3,81.5,3208.285,3163.493,0
Ireland,1970,71.2,71.2,414.382,414.382,0
Ireland,1971,71.2,73.1125,414.382,2867.144125,1
Ireland,1972,73.1125,73.15,2867.144125,2915.2375,1
Ireland,1973,73.15,73.1875,2915.2375,2963.330875,1
Ireland,1974,73.1875,73.225,2963.330875,3011.42425,1
Ireland,1975,73.225,73.2625,3011.42425,3059.517625,1
Ireland,1976,73.2625,73.3,3059.517625,3107.611,1
Ireland,1977,73.3,73.3375,3107.611,3155.704375,1
Ireland,1978,73.3375,71.5,3155.704375,799.129,0
Ireland,1979,71.5,72.3,799.129,827.695,0
Ireland,1980,72.3,72.8,827.695,929.38,0
Ireland,1981,72.8,72.8,929.38,905.234,0
Ireland,1982,72.8,72.8,905.234,883.86,0
Ireland,1983,72.8,88.1,883.86,1868.3385,1
Ireland,1984,88.1,88.4,1868.3385,1887.642,1
Ireland,1985,88.4,73.4,1887.642,922.467,0
Ireland,1986,73.4,73.6,922.467,900.475,0
Ireland,1987,73.6,74.4,900.475,906.481,0
Ireland,1988,74.4,74.5,906.481,907.079,0
Ireland,1989,74.5,74.5,907.079,905.291,0
Ireland,1990,74.5,74.9,905.291,947.301,0
Ireland,1991,74.9,75.1,947.301,1025.772,0
Ireland,1992,75.1,75.5,1025.772,1139.785,0
Ireland,1993,75.5,75.3,1139.785,1146.675,0
Ireland,1994,75.3,75.8,1146.675,1211.551,0
Ireland,1995,75.8,75.5,1211.551,1265.998,0
Ireland,1996,75.5,75.9,1265.998,1331.587,0
Ireland,1997,75.9,76,1331.587,1427.926,0
Ireland,1998,76,76.3,1427.926,1492.452,0
Ireland,1999,76.3,76.2,1492.452,1615.852,0
Ireland,2000,76.2,76.6,1615.852,1768.474,0
Ireland,2001,76.6,77.2,1768.474,2024.423,0
Ireland,2002,77.2,77.9,2024.423,2217.098,0
Ireland,2003,77.9,78.3,2217.098,2372.402,0
Ireland,2004,78.3,78.8,2372.402,2511.105,0
Ireland,2005,78.8,79.4,2511.105,2621.105,0
Ireland,2006,79.4,79.7,2621.105,2663.477,0
Ireland,2007,79.7,79.8,2663.477,2798.16,0
Ireland,2008,79.8,80.1,2798.16,3050.491,0
Ireland,2009,80.1,80,3050.491,3018.65,0
Israel,1975,72.1,72.1,800.824,800.824,0
Israel,1976,72.1,73,800.824,851.656,0
Israel,1977,73,73,851.656,932.968,0
Israel,1978,73,73.3,932.968,1069.095,0
Israel,1979,73.3,73.5,1069.095,1164.557,0
Israel,1980,73.5,73.9,1164.557,1147.612,0
Israel,1981,73.9,74.3,1147.612,1149.982,0
Israel,1982,74.3,74.2,1149.982,1175.13,0
Israel,1983,74.2,74.5,1175.13,1271.88,0
Israel,1984,74.5,74.8,1271.88,1517.645,0
Israel,1985,74.8,75.3,1517.645,1143.277,0
Israel,1986,75.3,75,1143.277,1080.99,0
Israel,1987,75,75.3,1080.99,1182.082,0
Israel,1988,75.3,75.7,1182.082,1229.777,0
Israel,1989,75.7,76.3,1229.777,1305.168,0
Israel,1990,76.3,76.7,1305.168,1276.843,0
Israel,1991,76.7,76.8,1276.843,1235.208,0
Israel,1992,76.8,76.5,1235.208,1325.689,0
Israel,1993,76.5,77.2,1325.689,1391.403,0
Israel,1994,77.2,77.5,1391.403,1555.38,0
Israel,1995,77.5,77.5,1555.38,1581.938,0
Israel,1996,77.5,78.2,1581.938,1646.466,0
Israel,1997,78.2,78,1646.466,1705.572,0
Israel,1998,78,78.2,1705.572,1705.011,0
Israel,1999,78.2,78.5,1705.011,1662.169,0
Israel,2000,78.5,78.8,1662.169,1765.985,0
Israel,2001,78.8,79.3,1765.985,1839.815,0
Israel,2002,79.3,79.5,1839.815,1775.961,0
Israel,2003,79.5,79.7,1775.961,1751.262,0
Israel,2004,79.7,80.2,1751.262,1786.046,0
Israel,2005,80.2,80.2,1786.046,1854.678,0
Israel,2006,80.2,80.6,1854.678,1871.869,0
Israel,2007,80.6,80.5,1871.869,1928.227,0
Israel,2008,80.5,81,1928.227,2018.682,0
Israel,2009,81,81.6,2018.682,2021.404,0
Italy,1988,76.5,76.5,1521.923,1521.923,0
Italy,1989,76.5,76.9,1521.923,1570.45,0
Italy,1990,76.9,77.1,1570.45,1691.825,0
Italy,1991,77.1,77.1,1691.825,1769.16,0
Italy,1992,77.1,77.5,1769.16,1791.317,0
Italy,1993,77.5,77.8,1791.317,1750.221,0
Italy,1994,77.8,78,1750.221,1725.957,0
Italy,1995,78,78.3,1725.957,1693.279,0
Italy,1996,78.3,78.6,1693.279,1739.951,0
Italy,1997,78.6,78.9,1739.951,1838.117,0
Italy,1998,78.9,79.1,1838.117,1880.979,0
Italy,1999,79.1,79.5,1880.979,1923.441,0
Italy,2000,79.5,79.8,1923.441,2063.776,0
Italy,2001,79.8,80.1,2063.776,2138.876,0
Italy,2002,80.1,80.3,2138.876,2174.441,0
Italy,2003,80.3,79.9,2174.441,2159.273,0
Italy,2004,79.9,80.9,2159.273,2250.971,0
Italy,2005,80.9,80.8,2250.971,2323.402,0
Italy,2006,80.8,81.3,2323.402,2377.522,0
Italy,2007,81.3,81.5,2377.522,2307.4,0
Italy,2008,81.5,81.8,2307.4,2391.452,0
Japan,1970,72,72,515.378,515.378,0
Japan,1971,72,72.9,515.378,546.609,0
Japan,1972,72.9,73.2,546.609,593.492,0
Japan,1973,73.2,73.4,593.492,616.353,0
Japan,1974,73.4,73.7,616.353,660.223,0
Japan,1975,73.7,74.3,660.223,739.828,0
Japan,1976,74.3,74.8,739.828,761.521,0
Japan,1977,74.8,75.3,761.521,807.221,0
Japan,1978,75.3,75.7,807.221,870.695,0
Japan,1979,75.7,76.2,870.695,930.138,0
Japan,1980,76.2,76.1,930.138,1011.877,0
Japan,1981,76.1,76.5,1011.877,1058.326,0
Japan,1982,76.5,76.9,1058.326,1113.486,0
Japan,1983,76.9,77,1113.486,1157.841,0
Japan,1984,77,77.4,1157.841,1165.986,0
Japan,1985,77.4,77.6,1165.986,1243.56,0
Japan,1986,77.6,78.1,1243.56,1263.038,0
Japan,1987,78.1,78.5,1263.038,1310.458,0
Japan,1988,78.5,78.4,1310.458,1335.569,0
Japan,1989,78.4,78.8,1335.569,1345.7,0
Japan,1990,78.8,78.9,1345.7,1378.849,0
Japan,1991,78.9,79.1,1378.849,1429.865,0
Japan,1992,79.1,79.2,1429.865,1500.766,0
Japan,1993,79.2,79.4,1500.766,1567.118,0
Japan,1994,79.4,79.8,1567.118,1644.652,0
Japan,1995,79.8,79.6,1644.652,1702.133,0
Japan,1996,79.6,80.3,1702.133,1781.38,0
Japan,1997,80.3,80.5,1781.38,1790.265,0
Japan,1998,80.5,80.6,1790.265,1822.16,0
Japan,1999,80.6,80.5,1822.16,1883.05,0
Japan,2000,80.5,81.2,1883.05,1973.638,0
Japan,2001,81.2,81.5,1973.638,2028.305,0
Japan,2002,81.5,81.8,2028.305,2045.108,0
Japan,2003,81.8,81.8,2045.108,2108.557,0
Japan,2004,81.8,82.1,2108.557,2153.032,0
Japan,2005,82.1,82,2153.032,2230.186,0
Japan,2006,82,82.4,2230.186,2267.449,0
Japan,2007,82.4,82.6,2267.449,2321.327,0
Japan,2008,82.6,82.7,2321.327,2382.84,0
Korea,1980,65.9,65.9,164.844,164.844,0
Korea,1981,65.9,66.4,164.844,179.29,0
Korea,1982,66.4,66.9,179.29,192.603,0
Korea,1983,66.9,67.3,192.603,206.842,0
Korea,1984,67.3,68,206.842,213.374,0
Korea,1985,68,68.7,213.374,228.934,0
Korea,1986,68.7,69.3,228.934,241.494,0
Korea,1987,69.3,69.9,241.494,261.321,0
Korea,1988,69.9,70.5,261.321,303.708,0
Korea,1989,70.5,71,303.708,366.839,0
Korea,1990,71,71.4,366.839,399.275,0
Korea,1991,71.4,71.8,399.275,420.02,0
Korea,1992,71.8,72.3,420.02,467.236,0
Korea,1993,72.3,72.8,467.236,477.218,0
Korea,1994,72.8,73.2,477.218,508.476,0
Korea,1995,73.2,73.5,508.476,522.293,0
Korea,1996,73.5,74,522.293,579.632,0
Korea,1997,74,74.3,579.632,607.585,0
Korea,1998,74.3,74.8,607.585,587.434,0
Korea,1999,74.8,75.5,587.434,679.755,0
Korea,2000,75.5,76,679.755,770.624,0
Korea,2001,76,76.4,770.624,897.5,0
Korea,2002,76.4,77,897.5,929.563,0
Korea,2003,77,77.3,929.563,1002.314,0
Korea,2004,77.3,78,1002.314,1058.741,0
Korea,2005,78,78.5,1058.741,1184.961,0
Korea,2006,78.5,79,1184.961,1326.112,0
Korea,2007,79,79.4,1326.112,1447.74,0
Korea,2008,79.4,79.9,1447.74,1512.891,0
Korea,2009,79.9,80.3,1512.891,1622.03,0
Luxembourg,1995,76.8,76.8,2082.484,2082.484,0
Luxembourg,1996,76.8,76.7,2082.484,2103.539,0
Luxembourg,1997,76.7,77,2103.539,2150.096,0
Luxembourg,1998,77,77.3,2150.096,2256.515,0
Luxembourg,1999,77.3,77.9,2256.515,2435.401,0
Luxembourg,2000,77.9,78,2435.401,3268.394,0
Luxembourg,2001,78,77.9,3268.394,3207.515,0
Luxembourg,2002,77.9,78.1,3207.515,3644.165,0
Luxembourg,2003,78.1,77.8,3644.165,3360.803,0
Luxembourg,2004,77.8,79.2,3360.803,3663.602,0
Luxembourg,2005,79.2,79.5,3663.602,3647.699,0
Luxembourg,2006,79.5,79.3,3647.699,3638.189,0
Luxembourg,2007,79.3,79.5,3638.189,3460.926,0
Luxembourg,2008,79.5,80.6,3460.926,3221.334,0
Luxembourg,2009,80.6,80.7,3221.334,3480.197,0
Mexico,1990,70.6,70.6,367.907,367.907,0
Mexico,1991,70.6,71.3,367.907,405.224,0
Mexico,1992,71.3,71.7,405.224,442.514,0
Mexico,1993,71.7,71.9,442.514,459.47,0
Mexico,1994,71.9,72.2,459.47,472.293,0
Mexico,1995,72.2,72.5,472.293,424.925,0
Mexico,1996,72.5,72.7,424.925,399.802,0
Mexico,1997,72.7,73,399.802,432.109,0
Mexico,1998,73,73.3,432.109,455.68,0
Mexico,1999,73.3,73.7,455.68,486.5,0
Mexico,2000,73.7,73.9,486.5,508.497,0
Mexico,2001,73.9,74.2,508.497,539.553,0
Mexico,2002,74.2,74.3,539.553,554.167,0
Mexico,2003,74.3,74.5,554.167,571.544,0
Mexico,2004,74.5,74.5,571.544,608.739,0
Mexico,2005,74.5,74.6,608.739,612.068,0
Mexico,2006,74.6,74.8,612.068,617.066,0
Mexico,2007,74.8,75,617.066,642.685,0
Mexico,2008,75,75.1,642.685,653.821,0
Mexico,2009,75.1,75.3,653.821,669.546,0
Mexico,2010,75.3,75.5,669.546,672.023,0
Netherlands,1972,73.8,73.8,1114.048,1114.048,0
Netherlands,1973,73.8,74.2,1114.048,1120.938,0
Netherlands,1974,74.2,74.6,1120.938,1181.239,0
Netherlands,1975,74.6,74.6,1181.239,1230.236,0
Netherlands,1976,74.6,74.7,1230.236,1255.533,0
Netherlands,1977,74.7,75.3,1255.533,1294.27,0
Netherlands,1978,75.3,75.3,1294.27,1341.553,0
Netherlands,1979,75.3,75.7,1341.553,1384.167,0
Netherlands,1980,75.7,75.8,1384.167,1442.257,0
Netherlands,1981,75.8,76,1442.257,1437.777,0
Netherlands,1982,76,76,1437.777,1470.2,0
Netherlands,1983,76,76.3,1470.2,1468.306,0
Netherlands,1984,76.3,76.3,1468.306,1448.897,0
Netherlands,1985,76.3,76.3,1448.897,1465.682,0
Netherlands,1986,76.3,76.3,1465.682,1524.542,0
Netherlands,1987,76.3,76.8,1524.542,1573.676,0
Netherlands,1988,76.8,77,1573.676,1628.346,0
Netherlands,1989,77,76.8,1628.346,1754.544,0
Netherlands,1990,76.8,77,1754.544,1837.402,0
Netherlands,1991,77,77,1837.402,1902.761,0
Netherlands,1992,77,77.3,1902.761,1965.58,0
Netherlands,1993,77.3,77,1965.58,2004.413,0
Netherlands,1994,77,77.5,2004.413,2016.329,0
Netherlands,1995,77.5,77.5,2016.329,2068.342,0
Netherlands,1996,77.5,77.5,2068.342,2099.358,0
Netherlands,1997,77.5,77.8,2099.358,2108.398,0
Netherlands,1998,77.8,77.9,2108.398,2208.459,0
Netherlands,1999,77.9,77.9,2208.459,2304.103,0
Netherlands,2000,77.9,78,2304.103,2339.561,0
Netherlands,2001,78,78.3,2339.561,2467.635,0
Netherlands,2002,78.3,78.3,2467.635,2623.117,0
Netherlands,2003,78.3,78.5,2623.117,2886.192,0
Netherlands,2004,78.5,79.2,2886.192,2999.327,0
Netherlands,2005,79.2,79.4,2999.327,3010.815,0
Netherlands,2006,79.4,79.8,3010.815,3074.37,0
Netherlands,2007,79.8,80.2,3074.37,3174.531,0
Netherlands,2008,80.2,80.3,3174.531,3291.516,0
Netherlands,2009,80.3,80.6,3291.516,3830.821,0
New Zealand,1970,71.5,71.5,768.218,768.218,0
New Zealand,1971,71.5,71.5,768.218,773.908,0
New Zealand,1972,71.5,71.7,773.908,805.401,0
New Zealand,1973,71.7,71.8,805.401,885.879,0
New Zealand,1974,71.8,72,885.879,1026.964,0
New Zealand,1975,72,72.1,1026.964,1082.035,0
New Zealand,1976,72.1,72.3,1082.035,1000.929,0
New Zealand,1977,72.3,72.5,1000.929,1003.576,0
New Zealand,1978,72.5,72.8,1003.576,1065.611,0
New Zealand,1979,72.8,72.9,1065.611,989.617,0
New Zealand,1980,72.9,73.2,989.617,911.24,0
New Zealand,1981,73.2,73.4,911.24,925.287,0
New Zealand,1982,73.4,73.5,925.287,983.582,0
New Zealand,1983,73.5,73.7,983.582,973.212,0
New Zealand,1984,73.7,73.8,973.212,960.399,0
New Zealand,1985,73.8,74,960.399,884.939,0
New Zealand,1986,74,74.1,884.939,919.661,0
New Zealand,1987,74.1,74.5,919.661,1016.663,0
New Zealand,1988,74.5,74.8,1016.663,1129.989,0
New Zealand,1989,74.8,75.2,1129.989,1154.187,0
New Zealand,1990,75.2,75.5,1154.187,1217.242,0
New Zealand,1991,75.5,75.8,1217.242,1243.254,0
New Zealand,1992,75.8,76,1243.254,1266.412,0
New Zealand,1993,76,76.3,1266.412,1272.237,0
New Zealand,1994,76.3,76.5,1272.237,1320.225,0
New Zealand,1995,76.5,76.8,1320.225,1354.64,0
New Zealand,1996,76.8,77,1354.64,1364.085,0
New Zealand,1997,77,77.4,1364.085,1425.745,0
New Zealand,1998,77.4,77.8,1425.745,1514.308,0
New Zealand,1999,77.8,78,1514.308,1560.331,0
New Zealand,2000,78,78.3,1560.331,1607.04,0
New Zealand,2001,78.3,78.7,1607.04,1675.685,0
New Zealand,2002,78.7,79,1675.685,1798.618,0
New Zealand,2003,79,79.3,1798.618,1789.878,0
New Zealand,2004,79.3,79.5,1789.878,1933.408,0
New Zealand,2005,79.5,79.8,1933.408,2060.208,0
New Zealand,2006,79.8,80.1,2060.208,2182.047,0
New Zealand,2007,80.1,80.2,2182.047,2150.305,0
New Zealand,2008,80.2,80.4,2150.305,2283.039,0
New Zealand,2009,80.4,80.8,2283.039,2452.224,0
Norway,1970,74.3,74.3,631.84,631.84,0
Norway,1971,74.3,74.4,631.84,703.561,0
Norway,1972,74.4,74.6,703.561,809.287,0
Norway,1973,74.6,74.7,809.287,868.05,0
Norway,1974,74.7,75,868.05,903.414,0
Norway,1975,75,75.1,903.414,1029.095,0
Norway,1976,75.1,75.3,1029.095,1115.642,0
Norway,1977,75.3,75.7,1115.642,1194.283,0
Norway,1978,75.7,75.7,1194.283,1347.963,0
Norway,1979,75.7,75.7,1347.963,1279.85,0
Norway,1980,75.7,75.9,1279.85,1497.094,0
Norway,1981,75.9,76,1497.094,1456.176,0
Norway,1982,76,76.2,1456.176,1478.469,0
Norway,1983,76.2,76.3,1478.469,1574.19,0
Norway,1984,76.3,76.4,1574.19,1583.004,0
Norway,1985,76.4,76.1,1583.004,1637.827,0
Norway,1986,76.1,76.4,1637.827,1821.619,0
Norway,1987,76.4,76.3,1821.619,1972.803,0
Norway,1988,76.3,76.4,1972.803,2008.452,0
Norway,1989,76.4,76.7,2008.452,1975.22,0
Norway,1990,76.7,76.7,1975.22,2030.645,0
Norway,1991,76.7,77.1,2030.645,2181.773,0
Norway,1992,77.1,77.3,2181.773,2271.463,0
Norway,1993,77.3,77.3,2271.463,2278.958,0
Norway,1994,77.3,77.8,2278.958,2352.656,0
Norway,1995,77.8,77.9,2352.656,2446.958,0
Norway,1996,77.9,78.3,2446.958,2542.353,0
Norway,1997,78.3,78.3,2542.353,2859.787,0
Norway,1998,78.3,78.5,2859.787,3215.381,0
Norway,1999,78.5,78.4,3215.381,3285.098,0
Norway,2000,78.4,78.8,3285.098,3042.278,0
Norway,2001,78.8,78.9,3042.278,3226.49,0
Norway,2002,78.9,79,3226.49,3623.644,0
Norway,2003,79,79.6,3623.644,3721.059,0
Norway,2004,79.6,80,3721.059,3703.937,0
Norway,2005,80,80.3,3703.937,3560.112,0
Norway,2006,80.3,80.5,3560.112,3435.918,0
Norway,2007,80.5,80.6,3435.918,3587.127,0
Norway,2008,80.6,80.8,3587.127,3466.932,0
Norway,2009,80.8,81,3466.932,3757.224,0
Poland,1990,70.7,70.7,353.519,353.519,0
Poland,1991,70.7,70.7,353.519,408.455,0
Poland,1992,70.7,71.2,408.455,422.056,0
Poland,1993,71.2,71.7,422.056,419.381,0
Poland,1994,71.7,71.8,419.381,414.444,0
Poland,1995,71.8,72,414.444,444.353,0
Poland,1996,72,72.3,444.353,506.429,0
Poland,1997,72.3,72.8,506.429,517.26,0
Poland,1998,72.8,73.1,517.26,572.241,0
Poland,1999,73.1,72.7,572.241,580.979,0
Poland,2000,72.7,73.8,580.979,583.418,0
Poland,2001,73.8,74.3,583.418,626.673,0
Poland,2002,74.3,74.5,626.673,687.877,0
Poland,2003,74.5,74.7,687.877,704.515,0
Poland,2004,74.7,75,704.515,737.9,0
Poland,2005,75,75.1,737.9,766.18,0
Poland,2006,75.1,75.3,766.18,812.82,0
Poland,2007,75.3,75.3,812.82,900.448,0
Poland,2008,75.3,75.6,900.448,1030.817,0
Poland,2009,75.6,75.8,1030.817,1101.221,0
Portugal,1970,66.7,66.7,174.068,174.068,0
Portugal,1971,66.7,66.4,174.068,193.215,0
Portugal,1972,66.4,68.3,193.215,262.39,0
Portugal,1973,68.3,67.5,262.39,315.27,0
Portugal,1974,67.5,68.1,315.27,331.91,0
Portugal,1975,68.1,68.4,331.91,419.736,0
Portugal,1976,68.4,68.9,419.736,420.139,0
Portugal,1977,68.9,70.1,420.139,398.314,0
Portugal,1978,70.1,70.5,398.314,421.391,0
Portugal,1979,70.5,71.3,421.391,428.601,0
Portugal,1980,71.3,71.4,428.601,516.361,0
Portugal,1981,71.4,71.7,516.361,555.556,0
Portugal,1982,71.7,72.5,555.556,560.062,0
Portugal,1983,72.5,72.4,560.062,525.135,0
Portugal,1984,72.4,72.7,525.135,520.331,0
Portugal,1985,72.7,73,520.331,572.113,0
Portugal,1986,73,73.4,572.113,658.19,0
Portugal,1987,73.4,73.8,658.19,678.657,0
Portugal,1988,73.8,73.8,678.657,757.256,0
Portugal,1989,73.8,74.4,757.256,743.823,0
Portugal,1990,74.4,74.1,743.823,774.065,0
Portugal,1991,74.1,74.1,774.065,886.431,0
Portugal,1992,74.1,74.7,886.431,922.58,0
Portugal,1993,74.7,74.6,922.58,942.994,0
Portugal,1994,74.6,75.5,942.994,954.349,0
Portugal,1995,75.5,75.4,954.349,1108.017,0
Portugal,1996,75.4,75.3,1108.017,1187.51,0
Portugal,1997,75.3,75.8,1187.51,1233.528,0
Portugal,1998,75.8,76,1233.528,1277.825,0
Portugal,1999,76,76.2,1277.825,1365.822,0
Portugal,2000,76.2,76.7,1365.822,1653.988,0
Portugal,2001,76.7,77,1653.988,1669.337,0
Portugal,2002,77,77.2,1669.337,1675.866,0
Portugal,2003,77.2,77.4,1675.866,1726.827,0
Portugal,2004,77.4,78.3,1726.827,1800.132,0
Portugal,2005,78.3,78.1,1800.132,1860.785,0
Portugal,2006,78.1,78.9,1860.785,1823.288,0
Portugal,2007,78.9,79,1823.288,1848.714,0
Portugal,2008,79,79.3,1848.714,1856.443,0
Slovak Republic,1997,72.8,72.8,602.073,602.073,0
Slovak Republic,1998,72.8,72.7,602.073,613.465,0
Slovak Republic,1999,72.7,73.1,613.465,623.866,0
Slovak Republic,2000,73.1,73.3,623.866,603.791,0
Slovak Republic,2001,73.3,73.6,603.791,627.884,0
Slovak Republic,2002,73.6,73.8,627.884,671.673,0
Slovak Republic,2003,73.8,73.8,671.673,727.38,0
Slovak Republic,2004,73.8,74,727.38,946.396,0
Slovak Republic,2005,74,74,946.396,985.266,0
Slovak Republic,2006,74,74.3,985.266,1112.543,0
Slovak Republic,2007,74.3,74.3,1112.543,1295.858,0
Slovak Republic,2008,74.3,74.8,1295.858,1414.826,0
Slovak Republic,2009,74.8,75,1414.826,1531.459,0
Slovenia,1995,74,74,1071.101,1071.101,0
Slovenia,1996,74,74.5,1071.101,1134.348,0
Slovenia,1997,74.5,74.8,1134.348,1206.387,0
Slovenia,1998,74.8,74.9,1206.387,1255.642,0
Slovenia,1999,74.9,75.1,1255.642,1318.682,0
Slovenia,2000,75.1,75.5,1318.682,1453.183,0
Slovenia,2001,75.5,75.8,1453.183,1548.618,0
Slovenia,2002,75.8,76.1,1548.618,1613.38,0
Slovenia,2003,76.1,76.9,1613.38,1655.123,0
Slovenia,2004,76.9,77.3,1655.123,1669.478,0
Slovenia,2005,77.3,77.7,1669.478,1748.148,0
Slovenia,2006,77.7,78.4,1748.148,1818.19,0
Slovenia,2007,78.4,78.2,1818.19,1824.488,0
Slovenia,2008,78.2,78.8,1824.488,2025.73,0
Slovenia,2009,78.8,79,2025.73,2059.364,0
Spain,1970,72,72,354.806,354.806,0
Spain,1975,72,73.3,354.806,572.551,0
Spain,1976,73.3,73.7,572.551,638.06,0
Spain,1977,73.7,74.2,638.06,679.363,0
Spain,1978,74.2,74.5,679.363,681.158,0
Spain,1979,74.5,75,681.158,666.372,0
Spain,1980,75,75.4,666.372,689.181,0
Spain,1981,75.4,75.7,689.181,703.863,0
Spain,1982,75.7,76.3,703.863,725.639,0
Spain,1983,76.3,76.1,725.639,747.843,0
Spain,1984,76.1,76.5,747.843,731.561,0
Spain,1985,76.5,76.4,731.561,729.963,0
Spain,1986,76.4,76.7,729.963,744.543,0
Spain,1987,76.7,76.9,744.543,795.851,0
Spain,1988,76.9,76.9,795.851,925.481,0
Spain,1989,76.9,77,925.481,998.071,0
Spain,1990,77,77,998.071,1094.98,0
Spain,1991,77,77.1,1094.98,1154.852,0
Spain,1992,77.1,77.6,1154.852,1220.299,0
Spain,1993,77.6,77.7,1220.299,1258.087,0
Spain,1994,77.7,78.1,1258.087,1264.056,0
Spain,1995,78.1,78.1,1264.056,1326.819,0
Spain,1996,78.1,78.3,1326.819,1359.089,0
Spain,1997,78.3,78.7,1359.089,1383.604,0
Spain,1998,78.7,78.8,1383.604,1437.513,0
Spain,1999,78.8,78.8,1437.513,1497.388,0
Spain,2000,78.8,79.4,1497.388,1537.324,0
Spain,2001,79.4,79.7,1537.324,1581.609,0
Spain,2002,79.7,79.8,1581.609,1603.81,0
Spain,2003,79.8,79.7,1603.81,1833.256,0
Spain,2004,79.7,80.3,1833.256,1870.624,0
Spain,2005,80.3,80.3,1870.624,1924.766,0
Spain,2006,80.3,81.1,1924.766,1988.413,0
Spain,2007,81.1,81,1988.413,2052.31,0
Spain,2008,81,81.3,2052.31,2151.912,0
Spain,2009,81.3,81.8,2151.912,2183.693,0
Sweden,1970,74.7,74.7,1126.439,1126.439,0
Sweden,1971,74.7,74.7,1126.439,1187.183,0
Sweden,1972,74.7,74.7,1187.183,1211.321,0
Sweden,1973,74.7,74.9,1211.321,1232.031,0
Sweden,1974,74.9,75,1232.031,1302.431,0
Sweden,1975,75,75,1302.431,1390.638,0
Sweden,1976,75,75,1390.638,1455.723,0
Sweden,1977,75,75.5,1455.723,1579.178,0
Sweden,1978,75.5,75.5,1579.178,1614.664,0
Sweden,1979,75.5,75.6,1614.664,1645.869,0
Sweden,1980,75.6,75.8,1645.869,1739.63,0
Sweden,1981,75.8,76.1,1739.63,1761.692,0
Sweden,1982,76.1,76.4,1761.692,1804.725,0
Sweden,1983,76.4,76.6,1804.725,1815.366,0
Sweden,1984,76.6,76.8,1815.366,1847.801,0
Sweden,1985,76.8,76.8,1847.801,1813.796,0
Sweden,1986,76.8,77,1813.796,1803.296,0
Sweden,1987,77,77.2,1803.296,1862.909,0
Sweden,1988,77.2,77,1862.909,1883.519,0
Sweden,1989,77,77.7,1883.519,1928.112,0
Sweden,1990,77.7,77.6,1928.112,1941.86,0
Sweden,1991,77.6,77.7,1941.86,1857.83,0
Sweden,1992,77.7,78.1,1857.83,1862.884,0
Sweden,1993,78.1,78.2,1862.884,1866.035,0
Sweden,1994,78.2,78.8,1866.035,1834.067,0
Sweden,1995,78.8,78.8,1834.067,1881.884,0
Sweden,1996,78.8,79,1881.884,1965.696,0
Sweden,1997,79,79.3,1965.696,1974.979,0
Sweden,1998,79.3,79.4,1974.979,2079.689,0
Sweden,1999,79.4,79.5,2079.689,2196.949,0
Sweden,2000,79.5,79.7,2196.949,2286.048,0
Sweden,2001,79.7,79.8,2286.048,2500.595,0
Sweden,2002,79.8,79.9,2500.595,2660.663,0
Sweden,2003,79.9,80.2,2660.663,2736.763,0
Sweden,2004,80.2,80.5,2736.763,2773.69,0
Sweden,2005,80.5,80.6,2773.69,2841.641,0
Sweden,2006,80.6,80.8,2841.641,2910.209,0
Sweden,2007,80.8,81,2910.209,2974.183,0
Sweden,2008,81,81.2,2974.183,3036.205,0
Sweden,2009,81.2,81.4,3036.205,3091.517,0
Switzerland,1970,73.1,73.1,1286.238,1286.238,0
Switzerland,1971,73.1,73.2,1286.238,1391.118,0
Switzerland,1972,73.2,73.8,1391.118,1415.311,0
Switzerland,1973,73.8,74.1,1415.311,1469.02,0
Switzerland,1974,74.1,74.4,1469.02,1583.338,0
Switzerland,1975,74.4,74.8,1583.338,1673.656,0
Switzerland,1976,74.8,74.9,1673.656,1717.9,0
Switzerland,1977,74.9,75.4,1717.9,1764.221,0
Switzerland,1978,75.4,75.4,1764.221,1774.049,0
Switzerland,1979,75.4,75.7,1774.049,1840.068,0
Switzerland,1980,75.7,75.6,1840.068,1926.762,0
Switzerland,1981,75.6,75.9,1926.762,1964.452,0
Switzerland,1982,75.9,76.2,1964.452,1966.856,0
Switzerland,1983,76.2,76.2,1966.856,2076.006,0
Switzerland,1984,76.2,76.8,2076.006,2059.712,0
Switzerland,1985,76.8,77,2059.712,2126.895,0
Switzerland,1986,77,77.1,2126.895,2208.653,0
Switzerland,1987,77.1,77.3,2208.653,2293.366,0
Switzerland,1988,77.3,77.7,2293.366,2366.663,0
Switzerland,1989,77.7,77.7,2366.663,2457.219,0
Switzerland,1990,77.7,77.5,2457.219,2502.178,0
Switzerland,1991,77.5,77.8,2502.178,2647.078,0
Switzerland,1992,77.8,78,2647.078,2741.253,0
Switzerland,1993,78,78.3,2741.253,2736.289,0
Switzerland,1994,78.3,78.6,2736.289,2771.142,0
Switzerland,1995,78.6,78.6,2771.142,2800.835,0
Switzerland,1996,78.6,79.1,2800.835,2916.142,0
Switzerland,1997,79.1,79.3,2916.142,2970.548,0
Switzerland,1998,79.3,79.5,2970.548,3077.251,0
Switzerland,1999,79.5,79.8,3077.251,3142.471,0
Switzerland,2000,79.8,79.9,3142.471,3220.579,0
Switzerland,2001,79.9,80.3,3220.579,3378.82,0
Switzerland,2002,80.3,80.5,3378.82,3469.121,0
Switzerland,2003,80.5,80.6,3469.121,3544.411,0
Switzerland,2004,80.6,81.2,3544.411,3623.958,0
Switzerland,2005,81.2,81.3,3623.958,3669.934,0
Switzerland,2006,81.3,81.7,3669.934,3623.461,0
Switzerland,2007,81.7,82,3623.461,3665.959,0
Switzerland,2008,82,82.2,3665.959,3738.959,0
Switzerland,2009,82.2,82.3,3738.959,3841.861,0
Turkey,1975,56.1,56.1,121.742,121.742,0
Turkey,1976,56.1,56.5,121.742,103.719,0
Turkey,1977,56.5,56.9,103.719,123.199,0
Turkey,1978,56.9,57.3,123.199,136.897,0
Turkey,1979,57.3,57.7,136.897,136.911,0
Turkey,1980,57.7,58,136.911,134.325,0
Turkey,1981,58,58.5,134.325,150.108,0
Turkey,1982,58.5,58.9,150.108,126.571,0
Turkey,1983,58.9,59.7,126.571,132.522,0
Turkey,1984,59.7,60.9,132.522,132.822,0
Turkey,1985,60.9,62,132.822,102.023,0
Turkey,1986,62,63.2,102.023,131.651,0
Turkey,1987,63.2,64.4,131.651,146.705,0
Turkey,1988,64.4,65.2,146.705,159.301,0
Turkey,1989,65.2,65.7,159.301,171.3,0
Turkey,1990,65.7,67.5,171.3,198.152,0
Turkey,1991,67.5,67.8,198.152,206.691,0
Turkey,1992,67.8,68.2,206.691,211.831,0
Turkey,1993,68.2,68.5,211.831,220.291,0
Turkey,1994,68.5,68.9,220.291,199,0
Turkey,1995,68.9,69.3,199,195.395,0
Turkey,1996,69.3,69.7,195.395,237.668,0
Turkey,1997,69.7,70.1,237.668,270.954,0
Turkey,1998,70.1,70.3,270.954,314.672,0
Turkey,1999,70.3,70.8,314.672,396.434,0
Turkey,2000,70.8,71,396.434,432.708,0
Turkey,2001,71,71.5,432.708,419.404,0
Turkey,2002,71.5,71.8,419.404,455.963,0
Turkey,2003,71.8,72.2,455.963,472.036,0
Turkey,2004,72.2,72.5,472.036,512.568,0
Turkey,2005,72.5,73,512.568,556.618,0
Turkey,2006,73,73.2,556.618,626.641,0
Turkey,2007,73.2,73.3,626.641,673.096,0
Turkey,2008,73.3,73.6,673.096,703.144,0
United Kingdom,1970,71.8,71.8,604.407,604.407,0
United Kingdom,1971,71.8,71.9,604.407,624.222,0
United Kingdom,1972,71.9,80.56666667,624.222,2483.422,1
United Kingdom,1973,80.56666667,26.03703704,2483.422,-9854.656222,1
United Kingdom,1974,26.03703704,402.3115226,-9854.656222,74951.38042,1
United Kingdom,1975,402.3115226,-2224.180658,74951.38042,-517004.1299,1
United Kingdom,1976,-2224.180658,16418.07357,-517004.1299,3684329.466,1
United Kingdom,1977,16418.07357,-117963.5758,3684329.466,-26600947.64,1
United Kingdom,1978,-117963.5758,865686.6558,-26600947.64,195082128.3,1
United Kingdom,1979,865686.6558,-6443924.493,195082128.3,-1452268961,1
United Kingdom,1980,-6443924.493,73.2,-1452268961,903.102,0
United Kingdom,1981,73.2,73.8,903.102,937.358,0
United Kingdom,1982,73.8,74,937.358,934.77,0
United Kingdom,1983,74,74.3,934.77,1004.473,0
United Kingdom,1984,74.3,74.5,1004.473,1016.92,0
United Kingdom,1985,74.5,74.7,1016.92,1034.901,0
United Kingdom,1986,74.7,74.8,1034.901,1075.653,0
United Kingdom,1987,74.8,75.2,1075.653,1139.24,0
United Kingdom,1988,75.2,75.3,1139.24,1178.807,0
United Kingdom,1989,75.3,75.3,1178.807,1209.443,0
United Kingdom,1990,75.3,75.7,1209.443,1228.754,0
United Kingdom,1991,75.7,75.9,1228.754,1296.32,0
United Kingdom,1992,75.9,76.3,1296.32,1392.359,0
United Kingdom,1993,76.3,76.2,1392.359,1424.668,0
United Kingdom,1994,76.2,76.8,1424.668,1498.268,0
United Kingdom,1995,76.8,76.6,1498.268,1526.31,0
United Kingdom,1996,76.6,76.9,1526.31,1569.679,0
United Kingdom,1997,76.9,77.2,1569.679,1560.976,0
United Kingdom,1998,77.2,77.3,1560.976,1624.955,0
United Kingdom,1999,77.3,77.5,1624.955,1734.712,0
United Kingdom,2000,77.5,77.9,1734.712,1827.501,0
United Kingdom,2001,77.9,78.2,1827.501,1925.489,0
United Kingdom,2002,78.2,78.3,1925.489,2046.556,0
United Kingdom,2003,78.3,78.3,2046.556,2152.435,0
United Kingdom,2004,78.3,79,2152.435,2269.55,0
United Kingdom,2005,79,79.2,2269.55,2409.405,0
United Kingdom,2006,79.2,79.5,2409.405,2532.637,0
United Kingdom,2007,79.5,79.7,2532.637,2567.125,0
United Kingdom,2008,79.7,79.8,2567.125,2658.571,0
United Kingdom,2009,79.8,80.4,2658.571,2797.26,0
United States,1970,70.9,70.9,1296.187,1296.187,0
United States,1971,70.9,71.2,1296.187,1356.411,0
United States,1972,71.2,71.3,1356.411,1439.901,0
United States,1973,71.3,71.5,1439.901,1501.513,0
United States,1974,71.5,72,1501.513,1546.84,0
United States,1975,72,72.7,1546.84,1592.817,0
United States,1976,72.7,73,1592.817,1711.664,0
United States,1977,73,73.3,1711.664,1814.801,0
United States,1978,73.3,73.5,1814.801,1885.102,0
United States,1979,73.5,73.9,1885.102,1952.806,0
United States,1980,73.9,73.7,1952.806,2046.361,0
United States,1981,73.7,74.1,2046.361,2153.728,0
United States,1982,74.1,74.5,2153.728,2270.936,0
United States,1983,74.5,74.5,2270.936,2386.935,0
United States,1984,74.5,74.7,2386.935,2510.083,0
United States,1985,74.7,74.7,2510.083,2640.433,0
United States,1986,74.7,74.7,2640.433,2744.499,0
United States,1987,74.7,74.8,2744.499,2875.102,0
United States,1988,74.8,74.8,2875.102,3088.286,0
United States,1989,74.8,75.1,3088.286,3282.508,0
United States,1990,75.1,75.3,3282.508,3497.963,0
United States,1991,75.3,75.5,3497.963,3642.976,0
United States,1992,75.5,75.7,3642.976,3803.7,0
United States,1993,75.7,75.5,3803.7,3944.534,0
United States,1994,75.5,75.7,3944.534,4027.242,0
United States,1995,75.7,75.7,4027.242,4118.644,0
United States,1996,75.7,76.1,4118.644,4213.071,0
United States,1997,76.1,76.5,4213.071,4316.909,0
United States,1998,76.5,76.7,4316.909,4460.84,0
United States,1999,76.7,76.7,4460.84,4625.868,0
United States,2000,76.7,76.7,4625.868,4793.485,0
United States,2001,76.7,76.8,4793.485,5031.732,0
United States,2002,76.8,76.9,5031.732,5366.809,0
United States,2003,76.9,77,5366.809,5638.134,0
United States,2004,77,77.4,5638.134,5803.792,0
United States,2005,77.4,77.4,5803.792,5938.97,0
United States,2006,77.4,77.7,5938.97,6071.484,0
United States,2007,77.7,77.9,6071.484,6202.18,0
United States,2008,77.9,78,6202.18,6300.395,0
United States,2009,78,78.2,6300.395,6437.083,0
