lat,lon
-83.5,-180
-84.2,-178
-84.3,-174
-84.4,-170
-84.55,-166
-85.25,-163
-85.25,-158
-85.35,-152
-85.2,-146
-84.5,-147
-84.3,-151
-84,-153.3
-83.3,-153
-83,-154
-82.3,-154
-82,-154
-81.3,-154.3
-81.1,-153
-81,-150
-80.55,-146.3
-80.4,-145.3
-80.2,-148
-80,-150
-79.4,-152.3
-79.15,-155
-78.5,-157
-78.3,-158
-78.25,-156.4
-78.3,-154.3
-78.1,-154.3
-78.5,-156.4
-77.5,-158
-77.3,-158.2
-77.1,-158.4
-77,-157
-77.1,-154
-77.35,-153
-77.5,-150.3
-77.4,-148
-77.15,-146
-76.45,-146
-76.2,-146.2
-75.55,-146.4
-75.5,-144
-75.35,-142
-75.45,-140.4
-75.25,-140
-75.15,-138.2
-75,-136.4
-74.45,-135.3
-74.45,-133
-75,-132
-75.25,-130.5
-75.45,-129.4
-76,-128
-76,-127
-75.4,-126.5
-75.1,-126.2
-74.4,-125.3
-74.2,-124.3
-73.5,-123.2
-73.15,-123.4
-73.15,-122.2
-73.45,-121.2
-74,-120
-73.35,-120
-73.4,-118.2
-73.4,-116.4
-73.5,-116.2
-74.1,-117.4
-74.4,-117.4
-75.1,-116.2
-75.15,-113.4
-75,-112.2
-74.3,-112.3
-74,-112.4
-73.4,-112
-74,-111.3
-74.3,-111
-75,-110.2
-75.1,-108.4
-74.4,-108.3
-74.3,-109.3
-74,-109.3
-74,-108.2
-74.2,-108
-74.4,-108.3
-75.5,-107.3
-75.5,-106
-74.55,-104.3
-74.35,-104.3
-74.35,-102.4
-74.45,-101.2
-75,-100
-74.45,-99.3
-74.2,-101.2
-74,-100.4
-73.45,-101.3
-73.3,-101.3
-73.35,-100
-73.25,-99
-73.5,-100
-73.15,-101.2
-72.45,-102.3
-72.4,-101.2
-73,-101.3
-72.55,-99.4
-73.2,-98.3
-73.5,-98
-73.25,-97.3
-73.45,-97.3
-73.45,-96.2
-73.25,-96
-73.5,-96
-72.55,-97.3
-72.3,-98.3
-72.1,-99.4
-71.55,-101
-71.45,-99.5
-72,-98.2
-71.5,-97
-72.5,-95.4
-72.25,-95.4
-72.35,-94
-72.45,-92.15
-72.55,-90.3
-72.55,-88.45
-72.55,-87
-73.5,-85.3
-72.55,-84.2
-72.5,-83
-72.55,-81.15
-73,-79.3
-73.15,-78.3
-72.5,-78.4
-72.25,-78
-72.35,-76.3
-72.5,-75
-73,-74
-73.3,-74.3
-73.25,-73
-73.2,-71.3
-73.1,-70
-73.5,-68.3
-72.5,-67.3
-72.2,-67
-71.5,-67
-71.3,-67.3
-70.55,-67.3
-70.25,-68
-70,-68.3
-69.25,-68.3
-69.25,-67.2
-69.5,-66.4
-68.5,-67.2
-68.3,-66.5
-68.5,-66.5
-67.45,-67.3
-67.25,-67.3
-67.45,-68.3
-67.45,-69.15
-67.2,-69.2
-66.55,-68.4
-66.4,-67.5
-67.5,-67.4
-67,-67
-67.2,-66.2
-66.5,-66.2
-66.35,-65.3
-66.15,-65.5
-65.55,-65
-65.3,-64
-65.5,-64
-65.1,-63
-64.45,-62.4
-64.4,-61.4
-64.15,-61.3
-64,-61
-63.5,-59.4
-63.35,-58.5
-63.2,-58
-63.15,-57.1
-63.35,-56.4
-63.35,-57.2
-63.5,-58.1
-63.5,-57.15
-64.25,-57.2
-64.2,-58.1
-64,-58.4
-64.3,-59
-64.2,-59.4
-64.4,-60.3
-65,-61.2
-65.25,-62
-65.45,-62.1
-66.5,-62.2
-66.3,-62.4
-66.15,-63.3
-66.3,-64
-66.55,-63.4
-66.55,-64.4
-67.2,-65.2
-67.5,-65.3
-68.5,-64.5
-68.2,-65.2
-68.45,-64.5
-68.45,-63.4
-69.5,-62.4
-69.4,-62.2
-70.1,-62
-70.35,-61.3
-70.55,-61.4
-71.1,-61
-71.35,-60.5
-72,-61.4
-72.2,-60.5
-72.4,-61
-73,-59.5
-73.2,-60.1
-73.25,-61.3
-73.45,-61
-74.2,-60.4
-74.4,-61.4
-75.5,-61.4
-75.1,-63
-75.4,-63
-76.5,-63.4
-76.3,-65.3
-77,-67.2
-77.1,-65
-77.5,-62.3
-77.5,-60
-77.15,-57.4
-77.35,-56
-77.55,-53.4
-78.15,-51.4
-78.3,-49.2
-78.45,-47.4
-78.5,-44
-78.5,-41
-78.45,-38.3
-78.2,-36.2
-77.5,-35
-77.3,-33.2
-77.1,-31.4
-76.5,-30
-76.3,-28.2
-76.5,-27
-75.4,-26
-75.2,-24
-74.45,-23.4
-74.25,-22.2
-74.5,-20.4
-73.45,-19.2
-73.25,-17.4
-73.5,-16.2
-72.55,-14.4
-72.5,-13.3
-72.35,-12.2
-72.15,-11.2
-71.55,-11.1
-71.4,-12
-71.2,-12.1
-71.15,-11.3
-71.35,-11
-71.15,-10.3
-71,-9.45
-71.1,-9
-71.25,-8.4
-71.5,-8.3
-71.4,-7.2
-71.25,-7.4
-71.5,-7.2
-70.5,-7.4
-70.45,-6.5
-70.45,-5.5
-71,-5.5
-71.2,-6
-71.2,-4.3
-71.15,-3
-70.4,-3
-70.25,-3.2
-70.15,-2.3
-70.25,-1.4
-70.4,-1
-71,-1.3
-71.15,-0.4
-71.3,0
-71.3,0
-71.15,1.2
-70.55,2.4
-70.35,3.3
-70.2,4.4
-70.2,6.2
-70.5,7.2
-70.5,8.4
-70.1,10
-70.5,11.2
-70.5,12.4
-70.1,14.2
-70.1,15.4
-70.1,17
-70.1,18.2
-70.2,20
-70.25,21.3
-70.35,23
-70.25,24.4
-70.1,25.2
-70.1,27
-69.55,28.2
-69.5,30
-69.35,31.2
-69.3,32
-69.3,33.3
-69,33.2
-68.4,33.3
-68.35,34.2
-68.55,35
-69.2,36
-69.3,37
-69.35,38.2
-70.5,38.4
-69.4,39.2
-69.3,39.5
-69.1,39.5
-68.5,40
-68.3,41.2
-68.1,42
-67.5,43.2
-67.45,44.3
-67.45,46
-67.35,47
-67.4,48.1
-67.25,48.3
-67.25,49.2
-67.5,49.5
-67.35,50.3
-67,50.1
-66.3,50.3
-66.15,51.3
-65.55,52.1
-65.5,53.4
-65.55,55.1
-66.15,56
-66.25,57.1
-66.4,57.1
-66.45,56.2
-66.55,57
-67,58
-67.1,59
-67.3,59.2
-67.2,60.4
-67.35,61.4
-67.4,62.4
-67.3,63.4
-67.35,65
-67.45,66.2
-67.5,67.4
-67.5,68.4
-67.4,69.3
-68.1,69.3
-68.35,70
-69,70.3
-69.1,69.3
-69.35,69.5
-70.5,69.5
-70.3,70.4
-70.25,71.4
-70.5,71
-69.45,72.2
-69.35,73.3
-69.4,74.3
-69.5,75.3
-69.3,76.1
-69.1,77.1
-69.5,78
-68.3,78.2
-68.15,79
-68,80.3
-67.5,81.4
-67.2,82.3
-67.1,83.4
-67,85
-66.5,86.2
-66.4,87.4
-66.45,88.3
-66.45,89.4
-66.4,91
-66.3,92
-66.35,93
-66.35,94
-66.3,95
-66.4,96
-66.3,97
-66.4,97.4
-66.3,98.3
-66.35,99.2
-66.25,100
-66.25,100.4
-66.5,101.3
-65.5,102.4
-65.55,104
-66.5,105
-66.15,106
-66.3,107
-66.35,108
-66.5,109
-66.35,109.3
-66.4,110.2
-66.25,110.4
-66.5,110.4
-65.55,111.4
-65.5,112.4
-65.45,113.4
-66,114.3
-66.2,115.3
-66.3,116.3
-66.45,117.4
-66.5,119
-66.5,120.2
-66.4,121.3
-66.25,122.3
-66.45,123.2
-66.45,124.2
-66.3,124.5
-66.35,125.5
-66.15,126.3
-66.15,127
-66.3,127.4
-66.55,128.2
-67,129
-67.1,129.3
-66.55,130
-66.2,130
-66.5,130.5
-66.1,132
-66.5,133.2
-66.1,134.2
-66.5,135.2
-66.2,136.2
-66.2,137.2
-66.3,138.2
-66.35,139.2
-66.4,140.3
-66.45,142
-67,142.3
-66.5,143.2
-67,144.2
-67.3,144.2
-67.35,145
-67.3,146
-67.5,146.5
-68.15,147
-68.25,148.2
-68.15,149
-68.3,150.2
-68.2,151
-68.4,151.3
-68.35,152.4
-68.35,154.2
-69.5,155
-69.2,156
-69,156.3
-69.5,157.3
-69.15,158.4
-69.3,160
-69.4,161
-70.5,161
-70.3,161.1
-70.5,161.4
-70.35,162.1
-70.1,162.2
-70.5,163.2
-70.35,163.1
-70.35,164.4
-70.3,166
-70.5,167.2
-71.1,168.4
-71.3,170
-71.1,170.1
-71.45,171
-72,170.1
-72.3,170.3
-72.5,169.4
-73.1,168.3
-73.15,167
-73.4,167
-74.5,166.4
-74.1,165.2
-74.3,165.2
-74.5,164.2
-75.1,163
-75.4,162.4
-76.5,162.4
-76.3,163
-76.55,163.2
-77.2,163.4
-77.45,163.4
-78,164.4
-78.25,166
-78.3,164
-78.45,161.3
-79.1,160
-79.4,160
-80,160
-80.3,160.2
-81,160.2
-81.3,161
-81.55,162.2
-82.25,164
-82.5,166
-83.15,168.3
-83.3,171.3
-83.3,176
-83.5,180
-77.35,166.2
-77.4,168.1
-77.25,169.4
-77.2,168.1
-77.5,166.4
-77.35,166.2
-78.45,-164
-79.5,-163
-79.2,-163.4
-79.5,-163.4
-80.15,-161.4
-79.55,-160
-79.3,-160
-79.5,-160.4
-78.45,-161.4
-78.45,-164
-76.35,-150.1
-76.45,-148.3
-76.25,-147.1
-76.1,-148.1
-76.35,-150.1
-71.5,-76.1
-71.2,-76.3
-71.4,-76
-71.5,-75
-72.1,-74.2
-72.15,-73.2
-72.35,-73
-72.4,-71.3
-72.35,-70
-72.2,-68.5
-71.55,-68.3
-71.3,-68.2
-71,-68.3
-70.3,-68.5
-70,-69.2
-69.25,-69.4
-68.5,-70.2
-68.55,-71.1
-69.5,-71.4
-69.35,-71.3
-70.5,-71
-70.35,-70.4
-70.5,-71
-70.55,-71.5
-71,-73
-71.5,-74.4
-71.5,-76.1
-70.35,-76.1
-70.35,-75
-70.3,-74
-70.15,-73.45
-69.55,-73.4
-69.45,-74.3
-70,-75.45
-70.15,-75.4
-70.35,-76.1
-64.4,-64.2
-64.5,-63.3
-64.35,-63
-64.2,-62
-64,-62.3
-64.35,-63
-64.15,-63.3
-64.4,-64.2
-63.15,-56.3
-63.3,-56
-63.25,-55
-63,-55.5
-63.15,-56.3
-65.4,92.45
-65.3,103.45
-66.25,162.2
-67.2,164.4
-68.5,-90.35
-62.4,-61
-62.45,-60.2
-62.2,-59.2
-62.15,-58.4
-62,-57.4
-62,-58.5
-62.2,-59.2
-62.3,-60.2
-62.4,-61
-61,-55.3
-61,-54.1
-60.38,-46.2
-60.42,-45
-60.2,-46
-60.38,-46.2
-60.44,-44.3
0,-80.5
-0.2,-80.3
-0.5,-80.3
-1,-80.55
-1.4,-80.45
-2.1,-80.45
-2.2,-80.55
-2.3,-80.35
-3,-80.1
-2.3,-80.5
-2.3,-79.4
-2.5,-79.5
-3.2,-80
-3.3,-80.2
-3.5,-80.5
-4.15,-81.2
-4.4,-81.2
-5.1,-81.1
-5.4,-80.5
-6,-81.1
-6.15,-80.5
-6.3,-80.2
-6.5,-80
-7.15,-79.4
-7.5,-79.3
-8.1,-79
-8.4,-78.4
-9.1,-78.3
-9.4,-78.2
-10.1,-78.1
-10.5,-77.4
-11.2,-77.3
-11.5,-77.1
-12.1,-77
-12.3,-76.4
-13,-76.3
-13.4,-76.1
-14.1,-76.15
-14.4,-75.5
-15,-75.3
-15.2,-75.1
-15.45,-74.3
-15.5,-74
-16.15,-73.3
-16.35,-72.5
-16.4,-72.3
-17,-72
-17.15,-71.3
-17.4,-71.1
-17.5,-70.5
-18.15,-70.2
-18.45,-70.2
-19.2,-70.15
-20,-70.5
-20.3,-70.1
-21,-70.1
-21.3,-70.5
-22,-70.1
-22.3,-70.15
-23,-70.3
-23.3,-70.3
-24,-70.3
-24.3,-70.35
-25,-70.3
-25.25,-70.3
-25.45,-70.45
-26.2,-70.35
-27,-70.55
-27.3,-70.55
-28,-71.1
-28.3,-71.15
-29,-71.3
-29.2,-71.2
-30,-71.15
-30.15,-71.35
-30.45,-71.4
-31.2,-71.35
-31.5,-71.3
-32.1,-71.3
-32.3,-71.2
-33.1,-71.4
-33.4,-71.35
-34,-71.5
-34.3,-71.55
-35,-72.1
-35.3,-72.3
-36,-72.4
-36.3,-72.5
-36.4,-73.5
-37.1,-73.5
-37.1,-73.3
-37.45,-73.4
-38.1,-73.25
-38.35,-73.25
-39,-73.2
-39.3,-73.15
-40,-73.4
-40.35,-73.4
-41,-73.5
-41.25,-73.45
-41.45,-73.35
-41.5,-73.1
-41.3,-73
-41.4,-72.3
-42,-72.45
-42.1,-72.3
-42.2,-72.45
-43,-72.45
-43.25,-73
-43.45,-72.5
-44.1,-73.1
-44.25,-73
-44.4,-73.25
-45,-73.2
-45.3,-73.35
-45.1,-73.4
-45,-73.5
-44.4,-73.35
-44.25,-73.4
-44.1,-73.3
-43.5,-73.5
-44.1,-74.15
-44.35,-74.3
-45,-74.2
-45.15,-74.3
-45.35,-74.4
-45.5,-74.3
-45.55,-75
-46.1,-74.45
-46.35,-75.3
-46.55,-75.3
-46.4,-75
-46.5,-74.3
-46.5,-74
-47.25,-74.25
-47.5,-74.3
-48.2,-74.3
-47.45,-74.55
-47.5,-75.2
-48.1,-75.25
-48.35,-75.25
-49.1,-75.35
-49.25,-75.25
-49.5,-75.3
-49.55,-75
-50.1,-75.2
-50.45,-75.2
-50,-74.3
-50.25,-74.4
-50.45,-74.3
-50.4,-74.5
-51.1,-75
-51.35,-75.2
-51.2,-74.3
-51,-74.2
-51.3,-74.1
-51.5,-74.2
-51.45,-75
-52.15,-75
-52.25,-74.3
-52.1,-74.1
-52.35,-74
-52.4,-73.3
-52.55,-73.3
-53.1,-73.1
-53.25,-72.3
-53.1,-72
-52.45,-71.3
-52.5,-71.5
-53.1,-71.2
-53.25,-72.15
-53.4,-72
-53.5,-71.15
-53.45,-70.55
-53.15,-70.55
-52.45,-70.45
-52.3,-70
-52.3,-69.35
-52.15,-69.3
-52.15,-69
-52.2,-68.2
-51.5,-68.5
-51.25,-69
-51,-69.1
-50.3,-69
-50.1,-68.3
-50,-67.5
-49.3,-67.4
-49,-67.3
-48.4,-67
-48.2,-66.2
-48,-65.5
-47.3,-65.4
-47.1,-65.45
-47.1,-66.3
-46.5,-67
-46.3,-67.25
-46,-67.3
-45.3,-67.1
-45.15,-66.5
-45,-66.1
-45,-65.35
-44.4,-65.35
-44.3,-65.1
-44,-65.1
-43.4,-65.15
-43.2,-65
-43,-64.2
-42.5,-65
-42.3,-64.3
-42.5,-64.1
-42.5,-63.4
-42.35,-63.35
-42.5,-63.45
-42.2,-64.3
-42.5,-65
-41.3,-65
-41,-65.1
-40.45,-64.5
-41,-64.2
-41.1,-63.5
-41.1,-63
-40.55,-62.2
-40.35,-62.15
-40.2,-62.25
-39.5,-62.1
-39.3,-62
-39.1,-62.2
-38.45,-62.15
-39,-62
-39,-61.15
-38.55,-60.3
-38.5,-60
-38.45,-59.2
-38.35,-58.4
-38.25,-58.1
-38.1,-57.35
-37.45,-57.25
-37.2,-57
-36.5,-56.4
-36.2,-56.45
-36.15,-57.1
-35.5,-57.25
-35.2,-57.1
-35,-57.3
-34.4,-58.2
-34.2,-58.3
-34,-58.2
-34.25,-57.5
-34.25,-57.1
-34.4,-56.5
-34.5,-56.15
-34.45,-55.4
-34.5,-55
-34.45,-54.3
-34.3,-54
-34.1,-53.35
-33.5,-53.3
-33.3,-53
-33,-52.35
-32.3,-52.25
-32.1,-52
-31.5,-51.3
-31.3,-51
-31,-50.4
-30.3,-50.2
-30,-50.1
-29.3,-49.5
-29,-49.25
-28.4,-49
-28.3,-48.45
-28,-48.35
-27.3,-48.3
-27,-48.35
-26.2,-48.35
-25.5,-48.35
-25.25,-48.1
-25,-47.45
-24.35,-47.15
-24.1,-46.5
-24,-46.2
-23.4,-45.45
-23.5,-45.25
-23.2,-45
-23.2,-44.3
-23,-44.4
-22.55,-44
-23,-43.3
-23,-43
-22.55,-42.3
-22.55,-42
-22.3,-42
-22.15,-41.3
-22,-41
-21.3,-41
-21,-40.5
-20.3,-40.2
-20,-40.1
-19.3,-39.4
-19,-39.35
-18.3,-39.35
-18,-39.3
-17.4,-39.1
-17.1,-39.1
-16.35,-39.5
-16,-38.55
-15.3,-39
-15,-39
-14.3,-39.5
-14,-39
-13.2,-38.55
-13,-38.25
-12.35,-38
-12,-37.35
-11.3,-37.2
-11,-37
-10.45,-36.45
-10.25,-36.15
-10,-36
-9.35,-35.35
-9.1,-35.2
-8.4,-35.5
-8.1,-34.5
-7.3,-34.45
-7,-34.5
-6.25,-35
-5.5,-35.1
-5.15,-35.25
-5.5,-36
-5.1,-36.3
-5.5,-37
-4.45,-37.2
-4.3,-37.5
-4.1,-38.1
-3.5,-38.3
-3.3,-39
-3.1,-39.3
-2.5,-40
-2.5,-40.3
-3,-41
-3,-41.3
-2.45,-42
-2.45,-42.3
-2.3,-43
-2.25,-43.3
-2.4,-44
-2.5,-44.35
-2.2,-44.25
-1.55,-44.4
-1.3,-44.5
-1.4,-45.2
-1.2,-45.3
-1.1,-46.1
-1,-46.4
-0.4,-47.15
-0.4,-47.5
-0.5,-48.1
-1.35,-48.3
-1.25,-48.45
-1,-48.35
-0.2,-48.25
-0.1,-49
-0.15,-49.3
-0.1,-50
-0.25,-50.25
-1,-50.25
-1.4,-50.35
-1,-50.5
-1.15,-51.25
-0.4,-51.2
-0.1,-51.1
0.1,-50.45
0.3,-50.25
1,-50
1.45,-49.55
1.5,-50.3
2.3,-50.4
3.1,-51
3.45,-51
4.15,-51.3
4.3,-51.5
4.5,-52.2
5.1,-52.45
5.25,-53.15
5.35,-53.4
5.4,-54
5.5,-54.3
5.55,-55
5.55,-55.3
5.5,-56
5.5,-56.3
5.55,-57.5
6.15,-57.2
6.3,-57.4
6.5,-58.1
6.45,-58.35
7.1,-58.3
7.35,-58.4
7.55,-59.1
8.15,-59.4
8.35,-60.15
8.25,-61
9,-60.5
9.3,-61
9.4,-61.35
9.5,-62
9.45,-62.2
10.1,-62.4
10.3,-63
10.4,-62.1
10.4,-62.45
10.4,-63.25
10.4,-64
10.15,-64.3
10.5,-65
10.1,-65.35
10.2,-66
10.35,-66.1
10.35,-66.35
10.3,-67
10.3,-67.35
10.25,-68.1
10.45,-68.2
11.1,-68.25
11.25,-68.5
11.3,-69.2
11.3,-69.45
12.1,-69.55
11.55,-70.2
11.3,-70.1
11.15,-70.35
11.5,-71
10.55,-71.25
10.2,-71.25
9.45,-71.5
9.1,-71.5
9,-71.4
9.25,-71.45
9.45,-72
10.15,-71.45
10.35,-71.3
11,-71.4
11.3,-71.55
11.4,-71.25
12.5,-71.1
12.2,-71.2
12.25,-71.4
12.1,-72
11.5,-72.15
11.4,-72.4
11.25,-73
11.1,-73.3
11.15,-74.1
10.55,-74.25
11,-74.5
10.5,-75.15
10.3,-75.3
10,-75.35
9.3,-75.35
9.25,-76
9,-76.15
8.35,-76.45
7.5,-76.45
8.2,-77.1
8.4,-77.3
9,-77.5
9.2,-78.15
9.25,-78.4
9.35,-79.5
9.35,-79.35
9.15,-79.5
9.5,-80.2
8.55,-80.5
8.45,-81.25
9,-81.45
9,-82.1
9.25,-82.2
9.4,-82.45
10,-83.1
10.25,-83.25
10.5,-83.4
11.15,-83.5
11.4,-83.4
12.1,-83.4
12.45,-83.3
13.15,-83.3
13.5,-83.3
14.15,-83.15
15,-83.15
15.1,-83.25
15.2,-83.5
15.45,-84.15
15.5,-84.4
15.55,-85
15.5,-85.3
15.55,-86
15.45,-86.3
15.4,-87
15.5,-87.35
15.35,-88.1
15.5,-88.35
16,-89
16.2,-88.3
17,-88.15
17.3,-88.15
18.2,-88.1
17.55,-87.55
18.25,-87.4
19,-87.35
19.3,-87.3
20,-87.25
20.3,-87.15
20.55,-86.5
21.2,-86.5
21.3,-87.5
21.3,-87.35
21.35,-88
21.3,-88.3
21.2,-89
21.15,-89.3
21.1,-90
21,-90.2
20.25,-90.25
20,-90.3
19.4,-90.4
19.15,-90.4
19.5,-91
18.5,-91.2
18.35,-91.15
18.25,-91.5
18.35,-91.5
18.4,-92.25
18.25,-93
18.2,-93.35
18.1,-94.1
18.1,-94.3
18.3,-94.5
18.4,-95.2
18.5,-95.5
19.15,-96.1
19.4,-96.25
20.1,-96.4
20.3,-97
20.5,-97.15
21.15,-97.25
21.35,-97.15
21.55,-97.45
22.25,-97.55
22.5,-97.45
23.2,-97.45
23.5,-97.45
24.2,-97.45
24.5,-97.35
25.2,-97.25
25.45,-97.1
26.1,-97.15
26.4,-97.15
27.1,-97.25
27.4,-97.2
28,-97
28.2,-96.3
28.4,-96
28.45,-95.3
29,-95.1
29.15,-94.5
29.4,-95.5
29.5,-94.45
29.25,-94.45
29.4,-94.15
29.45,-93.5
29.5,-93.15
29.4,-92.45
29.35,-92.15
29.5,-91.5
29.3,-91.2
29.1,-91.15
29.5,-90.45
29.1,-90.1
29.2,-89.5
29.15,-89.3
29,-89.15
29.1,-89.5
29.3,-89.35
29.4,-89.35
29.5,-89.2
30.5,-89.15
30.5,-89.4
30,-90.5
30.5,-90.25
30.3,-90.1
30.15,-89.4
30.3,-89.1
30.3,-88.45
30.25,-88.15
30.4,-88
30.2,-87.5
30.2,-87.2
30.25,-86.5
30.3,-86.2
30.15,-86
30.5,-85.3
29.4,-85.2
29.45,-84.5
30,-84.25
30.5,-83.55
29.45,-83.3
29.1,-83.5
29.5,-82.5
28.35,-82.4
28.1,-82.45
27.5,-82.45
27.55,-82.25
27.25,-82.35
27.5,-82.3
26.45,-82.1
26.2,-81.55
25.5,-81.4
25.3,-81.15
25.5,-81.5
25.1,-80.4
25.2,-80.25
25.5,-80.1
26.25,-80.5
27,-80.5
27.35,-80.2
28.1,-80.35
28.3,-80.35
29,-80.55
29.3,-81.5
30,-81.2
30.3,-81.25
31,-81.3
31.3,-81.15
32,-81
32.25,-80.3
32.4,-80
33,-79.3
33.2,-79.1
33.4,-78.55
33.55,-78.25
34,-78
34.2,-77.35
34.4,-77.1
34.45,-76.35
35,-76.2
35,-76.5
35.2,-76.2
35.2,-76
35.35,-75.5
35.55,-75.5
35.55,-76.15
35.55,-76.45
36.5,-76.2
36.1,-76
36.5,-75.45
35.45,-75.3
36.5,-75.45
36.3,-75.5
36.5,-76
37.1,-76.25
37.3,-76.25
37.55,-76.2
38.15,-76.55
38.1,-76.25
38.3,-76.3
39,-76.35
39.2,-76.25
39.3,-76
39.1,-76.1
38.5,-76.1
38.25,-76.2
38.15,-75.55
38,-76
38,-75.4
37.4,-75.5
37.1,-76
37.15,-75.45
37.45,-75.35
38.1,-75.15
38.25,-75
39,-75.25
39.3,-75.35
39.2,-75.15
39,-75
39.2,-74.3
39.5,-74.1
40.2,-74
40.3,-74.2
40.5,-74
41.5,-73.3
41.15,-73
41.15,-72.3
41.15,-72
41.25,-71.3
41.45,-71.2
41.3,-71.5
41.4,-70.4
41.3,-70.4
41.4,-70
42,-70
41.45,-70
41.45,-70.3
42.1,-70.4
42.2,-71
42.35,-70.45
42.5,-70.5
43.1,-70.35
43.3,-70.15
43.4,-70.15
43.5,-69.45
44,-69.1
44.25,-68.5
44.15,-68.35
44.25,-68
44.35,-67.3
44.5,-67
45.1,-67
45.1,-66.15
45.2,-65.35
45.4,-64.5
45.2,-64.55
45.25,-64.15
45.5,-64.55
44.55,-65.2
44.35,-65.55
44.1,-66.1
43.45,-66
43.3,-65.3
43.5,-65
44.1,-64.3
44.3,-64.1
44.3,-63.4
44.45,-63
45,-62
45.1,-61.1
45.3,-61
45.4,-60.25
46,-59.5
46.2,-60.3
46.5,-60.25
47,-60.4
46.35,-61
46.1,-61.3
45.45,-61.3
45.5,-62
45.4,-62.35
45.45,-63.15
46.5,-64
46.15,-64.35
46.45,-64.55
47.2,-65
47.45,-64.5
47.35,-65.4
48.5,-66.2
48.5,-65.2
48.15,-64.5
48.3,-64.15
48.5,-64.15
49.5,-64.35
49.15,-65.15
49.1,-66
49.5,-66.45
48.5,-67.25
48.4,-68
48.25,-68.4
48.5,-69.15
47.4,-69.4
47.2,-70.5
47,-70.3
46.5,-71.1
47.1,-70.45
47.3,-70.25
47.5,-70
48.1,-69.4
48.35,-69.15
48.55,-68.4
49.2,-68
49.2,-67.2
49.45,-67.1
50.5,-66.45
50.15,-66
50.15,-65.25
50.15,-64.45
50.2,-64
50.15,-63.25
50.15,-62.5
50.15,-62.1
50.5,-61.4
50.1,-60.55
50.1,-60
50.3,-59.3
50.5,-59.5
51.1,-58.4
51.25,-57.5
51.3,-56.5
51.5,-56.1
52.5,-55.4
52.45,-56
53.1,-55.5
53.4,-56.3
53.4,-57.15
54.5,-57.2
54.1,-58.2
54.3,-57.3
54.45,-58
54.5,-58.55
55.1,-59.15
55.15,-60.2
55.4,-60.3
55.55,-61.2
56.15,-61.45
56.45,-61.45
57.5,-61.2
57.2,-61.5
57.4,-61.5
58,-62.2
58.3,-62.5
59,-63.15
59.3,-63.5
60,-64.2
60.2,-64.4
60,-65.1
59.45,-65.35
59.25,-65.15
59,-65.4
58.45,-66.25
58.25,-66.45
58.1,-67.45
58.45,-68.25
58.5,-69
59.15,-69.3
59.35,-69.3
60.5,-69.25
60.3,-69.4
60.55,-69.3
61,-70.15
61,-71
61.15,-71.45
61.35,-71.3
61.5,-72.15
62.1,-72.55
62.25,-73.4
62.15,-74.5
62.15,-75.3
62.25,-76.25
62.3,-77.25
62.15,-78.5
61.5,-78.5
61.35,-77.3
61.1,-77.45
60.45,-78.5
60.3,-77.35
60,-77.25
59.35,-77.25
59.1,-77.55
59.5,-78.35
58.45,-78.4
58.25,-78.5
58.15,-77.3
57.4,-77.1
57.15,-77
56.4,-76.45
56,-76.45
55.35,-77.15
55.1,-78
54.5,-78.45
54.35,-79.3
54.1,-79.1
53.45,-78.55
53.1,-78.5
52.4,-78.5
52.1,-78.25
51.4,-79
51.2,-79.5
51,-79.45
51.2,-80.25
51.45,-80.45
52.5,-81.15
52.3,-81.4
52.55,-82.2
53.25,-82.1
53.5,-82.1
54.15,-82.25
55,-82.1
55.15,-83
55.15,-84
55.15,-85
55.4,-86
55.5,-86.5
56,-87.3
56.25,-88.5
56.45,-89
56.55,-90
57.15,-91
57.5,-91.45
56.55,-92.2
57.15,-92.2
57.4,-92.4
58.5,-92.4
58.4,-93.5
58.45,-93.45
58.4,-94.25
59.5,-94.45
59.35,-94.45
60.1,-94.4
60.35,-94.25
61,-94.1
61.3,-93.4
61.55,-93.1
62.5,-92.3
62.35,-92.3
62.45,-91.35
62.55,-90.35
63.25,-90.4
64,-90
64,-88.3
64.3,-87.45
65,-87
65.3,-87
66.1,-86
66.3,-86.45
66.35,-85.3
66.2,-85.5
66.1,-83.45
66.35,-82.4
67,-81.25
67.35,-81.1
67.5,-82.25
68.2,-82.25
68.35,-81.2
69.12,-81.2
69.2,-82.45
69.4,-82.55
69.5,-84.15
69.5,-85.3
69.2,-85.3
68.45,-85.25
68.1,-85.25
67.5,-86.3
67.25,-86.3
67.15,-87.15
67.5,-88.1
68.2,-88
68.45,-88
69.15,-88.55
68.35,-89.55
69.5,-90.4
69.3,-91.2
69.45,-92.25
70.1,-91.2
70.4,-91.55
71,-92.4
71.25,-93.3
71.55,-94.1
72.15,-93.3
72.35,-94
72.45,-93.5
72.45,-91.55
73.1,-91.2
73.35,-90.4
73.5,-90.1
74.1,-91.1
74.1,-93.1
74,-95.1
73.35,-95.35
73.1,-95.15
72.4,-95
72.15,-95
71.45,-95
71.3,-95.5
70.58,-96.15
70.25,-96.45
69.5,-95.4
69.25,-94
69,-94.4
68.3,-94.15
68,-95.1
67.59,-95.3
67.3,-95.5
67.49,-96.5
68.23,-96.55
68.45,-95.35
69.2,-96.25
69.5,-97.55
69.2,-98.35
69,-99.35
68.35,-98
68.15,-98.4
67.4,-98.45
67.35,-100
67.45,-101.45
68.2,-103
68.21,-104.35
68.54,-105.4
68.45,-106.55
68.35,-108.15
68.15,-109
68,-107.5
67.35,-108.1
67.45,-109.15
68,-110.15
67.5,-111.35
67.4,-113
67.5,-114.1
67.5,-115.2
68.1,-115.5
68.18,-114.5
68.43,-114.4
68.58,-116
69,-117.3
69.13,-118.5
69.28,-120.15
69.5,-121.2
69.5,-123
69.22,-123.3
69.25,-124.2
70,-124.25
69.25,-125.2
69.35,-126.1
70.5,-126.4
70.35,-128
70,-128.3
69.5,-129.25
70.15,-129.5
69.59,-131.1
69.4,-132.35
69.23,-133.2
69.35,-134.1
69.3,-135.1
69.1,-135.55
68.45,-136
69,-137.2
69.19,-138.2
69.35,-139.3
69.37,-141
69.5,-141.5
70.5,-142.5
70.5,-144
70,-145.5
70.13,-146.1
70.13,-147.3
70.28,-149
70.29,-150.2
70.29,-151.3
70.52,-152.3
70.52,-154.2
71.8,-154.5
71.2,-156.2
70.52,-157.35
70.5,-159
70.25,-160.25
70.2,-161.35
69.55,-162.4
69.27,-163
69.5,-163.3
68.55,-164.5
68.5,-166
68.2,-166.1
67.59,-165.15
67.4,-164
67.1,-163.3
66.5,-162.3
66.25,-161.45
66.5,-162.1
66.5,-163.45
66.3,-163.5
66.3,-164.4
66.15,-165.45
66,-166.5
65.35,-167.5
65.25,-167.15
65.2,-166.2
65,-166.4
64.4,-166.2
64.3,-164.55
64.35,-163.4
64.25,-162.4
64.4,-161.55
64.5,-161
64.25,-161.15
64,-160.45
63.3,-161
63.25,-162.15
63,-163
63.15,-163.55
63,-164.4
62.4,-164.5
62.1,-165.3
61.3,-166
61.5,-165.15
60.35,-164.55
60.5,-164.2
59.4,-163.5
59.4,-163
60.5,-162.1
59.3,-161.4
59.1,-161.55
58.45,-161.35
58.55,-161
58.55,-159.35
58.25,-158.55
58.45,-158.4
58.4,-158
58.45,-157.25
58.1,-157.3
57.35,-157.4
57.15,-158.2
56.5,-159
56.3,-159.55
56,-160.3
55.55,-161.25
55.4,-162.2
55.15,-162.55
55,-163.55
54.35,-164.55
54.2,-164.45
54.4,-163.4
55,-162.5
55.1,-162
55.25,-161.25
55.35,-160.3
55.5,-159.35
56,-158.45
56.25,-158.25
56.4,-157.4
57,-156.4
57.25,-156.1
57.5,-155.15
58.1,-154.2
58.3,-153.5
58.55,-153.2
59.5,-154.5
59.25,-153.5
59.4,-153.5
60.5,-152.3
60.35,-152.15
60.55,-151.4
61.15,-150.4
61.15,-149.55
60.55,-150.25
60.45,-151.2
60.1,-151.25
59.4,-151.55
59.3,-151.25
59.1,-151.55
59.15,-150.55
59.35,-150.1
59.55,-149.3
59.55,-148.4
60.25,-148.1
61,-148.2
60.5,-147.3
60.5,-146.4
60.35,-146
60.15,-145
60,-144
60,-143
60,-142
59.45,-141.5
59.4,-140.15
59.55,-139.4
59.25,-139.3
59.1,-138.4
58.45,-137.55
58.25,-137.15
58.1,-136.3
57.4,-136.1
57.15,-135.3
56.45,-135.1
56.1,-134.45
56.5,-134.45
57.25,-135
57.55,-135
58.15,-135.4
58.15,-135.1
58.4,-135
58.15,-134.4
57.55,-134.45
57.25,-134.3
57,-134.3
57.15,-134
57.35,-133.45
57.15,-133.25
56.55,-133
57.5,-133.5
56.45,-134.2
56.15,-134.1
56.2,-133.4
55.55,-133.4
55.35,-133.25
55.2,-133.5
55.5,-132.3
54.4,-132.5
55.15,-132.5
55.5,-132.35
56.15,-133
56.5,-132.3
56.5,-132
55.45,-132.5
55.2,-131.45
55,-131.2
54.45,-130.45
54.55,-130.5
54.25,-130.25
54.1,-130.1
53.55,-130.45
53.25,-130.2
53.1,-129.45
52.35,-129.1
52.2,-128.25
51.5,-128.1
51.3,-127.45
51.1,-127.45
50.5,-127
50.4,-126.15
50.25,-125.3
50.5,-124.55
49.45,-124.2
49.3,-123.45
49.45,-123.1
49.15,-123.1
49,-122.45
48.35,-122.25
48.25,-122.35
48,-122.15
47.3,-122.3
47.4,-122.35
47.3,-123
47.55,-122.35
48.1,-123.1
48.1,-123.5
48.25,-124.4
48.1,-124.45
47.55,-124.35
47.3,-124.2
47,-124.5
46.4,-124
46.2,-123.55
46.1,-123.1
46.1,-123.55
45.5,-123.55
45.25,-123.5
45,-124
44.3,-124
44,-124.5
43.25,-124.15
42.5,-124.3
42.2,-124.25
42,-124.1
41.3,-124
41,-124.5
40.3,-124.2
40.15,-124.2
40,-124
39.4,-123.45
39.2,-123.45
38.55,-123.4
38.35,-123.2
38.2,-122.55
38,-123
37.55,-122.3
38.1,-122.3
38.5,-122.1
37.55,-122.2
37.3,-122.5
37.45,-122.3
37.2,-122.25
37,-122.1
37,-121.5
36.35,-121.5
36.2,-121.55
36,-121.25
35.35,-121.5
35.5,-120.35
34.35,-120.35
34.25,-119.5
34.15,-119.15
34.5,-118.45
34.5,-118.25
33.45,-118.2
33.45,-118
33.25,-117.3
33,-117.15
32.3,-117.5
32,-116.45
31.35,-116.35
31.15,-116.2
31,-116.2
30.45,-116
30.2,-116
30.15,-115.45
29.4,-115.4
29.3,-115.1
29.5,-114.4
28.45,-114.2
28.25,-114
28,-114
27.45,-114.25
27.5,-115
27.3,-114.3
27.1,-114.2
27,-114
26.45,-113.35
26.45,-113.1
26.25,-112.5
26.1,-112.2
25.4,-112.5
25.1,-112.5
24.5,-112.2
24.35,-111.4
24.15,-111.15
23.5,-110.5
23.3,-110.2
22.5,-110
23.2,-109.25
23.45,-109.45
24.15,-110.1
24.15,-110.35
24.4,-110.5
24.5,-110.4
25.1,-111
25.3,-111
26,-111.2
26.3,-111.3
27,-112
27.3,-112.2
27.5,-112.45
28.2,-112.55
28.45,-113.15
29.1,-113.4
29.35,-114
29.5,-114.25
30.1,-114.4
30.35,-114.35
31,-114.45
31.25,-114.5
31.45,-114.45
31.3,-114.1
31.35,-113.5
31.2,-113.3
31.1,-113.5
30.45,-113.5
30.15,-112.5
29.55,-112.45
29.3,-112.25
29,-112.1
28.3,-111.4
28,-111.1
27.55,-110.35
27.25,-110.35
27,-110
26.4,-109.45
26.4,-109.3
26.2,-109.15
26,-109.25
25.45,-109.25
25.3,-109
25.15,-108.2
24.4,-108
24.2,-107.35
24,-107.1
23.3,-106.45
23.1,-106.25
22.45,-106
22.25,-105.4
21.45,-105.3
21.3,-105.1
21.1,-105.1
20.5,-105.3
20.35,-105.2
20.2,-105.4
19.5,-105.2
19.2,-104.55
19.5,-104.2
18.45,-103.5
18.2,-103.3
18.5,-102.5
18,-102.15
18,-102
17.4,-101.35
17.15,-101
17.5,-100.3
16.55,-100
16.4,-99.3
16.35,-99
16.2,-98.3
16.5,-98
16,-97.25
15.5,-96.5
15.4,-96.15
15.55,-95.4
16.1,-95.1
16.1,-94.4
16.5,-94.15
15.55,-93.5
15.4,-93.25
15.25,-93.1
15,-92.45
14.4,-92.2
14.2,-92
14.5,-91.3
13.55,-91
13.55,-90.3
13.4,-90
13.25,-89.45
13.25,-89.2
13.1,-88.5
13.1,-88.25
13.1,-87.5
13.25,-87.4
13,-87.2
13,-87.4
12.35,-87.2
12.15,-87
11.5,-86.35
11.3,-86.1
11.1,-85.45
10.45,-85.45
10.2,-85.5
9.55,-85.4
9.5,-85.2
9.4,-85.1
10,-84.5
9.4,-84.35
9.2,-84
9,-83.4
8.3,-83.45
8.25,-83.15
8.1,-83
8.2,-82.45
8.15,-82.15
8.5,-81.45
7.45,-81.3
7.45,-81
7.1,-80.55
7.15,-80.3
7.3,-80
7.5,-80.25
8.1,-80.3
8.2,-80.5
8.35,-79.45
9,-79.3
9,-79.1
8.45,-78.45
8.2,-78.3
8.2,-78.1
8,-78.25
7.25,-78.1
7,-77.45
6.35,-77.25
6.1,-77.3
5.3,-77.25
5,-77.25
4.3,-77.2
4,-77.3
3.4,-77.1
3.15,-77.3
2.4,-77.45
2.4,-78.2
2.1,-78.4
1.45,-78.35
1.4,-79
1.15,-78.5
1,-79.2
0.4,-80
0,-80.5
66.5,-125.5
66.8,-123.35
66.15,-122
66,-121
65.45,-122
65.35,-122.45
65,-123.15
65,-121.45
65.2,-121.35
65.4,-120.4
65.2,-120.3
64.5,-121
65.22,-119.2
65.49,-120
65.4,-118.25
66.5,-118.5
66.25,-117.4
66.2,-119.5
66.25,-120.3
66.4,-119.45
66.55,-118.55
67.5,-120
66.45,-121.2
66.35,-122.4
66.22,-123.5
66.5,-125.5
61.1,-117
60.5,-116
60.5,-115.15
61,-114.25
60.55,-113.55
61.15,-113.45
61.25,-112.55
61.35,-112.1
62.5,-111.45
62.2,-110.55
62.25,-109.5
62.4,-110.1
62.4,-109
62.5,-110
62.5,-110.45
62.4,-111.35
62.25,-111.55
62.5,-112.25
62,-113.5
62.1,-113.5
62.25,-114.1
62.25,-115.2
62.1,-115.5
61.5,-114.3
61.45,-115.15
61.25,-115.2
61.1,-115.5
61.1,-117
58.4,-111.15
58.35,-110.2
58.55,-110
59.5,-109.15
59.5,-108.15
59.15,-107.25
59.25,-108
59.25,-108.35
59.4,-109.1
59.4,-109.4
59.15,-110.1
59,-110.4
58.4,-111.15
56.2,-103.5
56.35,-102.1
57,-102.1
57.25,-102.1
57.4,-101.35
58.1,-102.5
57.45,-102.3
57.25,-102.5
57,-102.3
56.4,-102.45
56.2,-103.5
53.2,-99.15
53,-98.55
52.3,-98.4
52.15,-98.1
51.55,-98.1
51.55,-97.25
51.25,-97.2
51.35,-96.5
51.1,-96.55
50.45,-97
50.2,-97
50.3,-96.25
51.1,-96.1
51.35,-96.35
52.1,-97
52.4,-97.15
53.1,-97.35
53.4,-97.5
53.45,-98.25
53.45,-99
53.2,-99.15
53.5,-101.1
52.35,-100.5
52.5,-100.25
52.35,-100
52.2,-100.15
51.5,-100.15
51.35,-99.4
51.1,-99
50.5,-99
50.3,-98.4
50.1,-98.45
50.15,-98
50.4,-98.15
50.55,-98.35
51.15,-98.5
51.4,-98.4
51.45,-99.1
51.35,-99.4
52.1,-99.5
52.25,-99.35
52.45,-99.35
53.5,-100.15
53.5,-101.1
46.4,-92.5
46.4,-91.35
46.55,-90.55
46.3,-90.3
46.45,-89.45
47,-89
47.25,-88.15
47.25,-87.45
47.5,-88.25
46.45,-88.25
46.5,-87.45
46.25,-87.2
46.25,-86.4
46.4,-85.5
46.45,-85
46.3,-85
46.3,-84.3
46.55,-84.45
47.2,-84.4
47.35,-85
47.55,-85
47.55,-85.45
48.15,-86.1
48.45,-86.3
48.45,-87.2
49,-88.5
48.4,-88.25
48.25,-89.5
48.5,-89.25
47.5,-89.5
47.4,-90.3
47.2,-91
47,-91.35
46.4,-92.5
44.35,-88
44.55,-87.15
44.3,-87.3
44.1,-87.35
43.35,-87.45
43.1,-87.55
42.45,-87.5
42.1,-87.5
41.4,-87.3
41.4,-87.5
41.5,-86.4
42.1,-86.25
42.45,-86.15
43.15,-86.2
43.4,-86.3
44.5,-86.3
44.3,-86.15
44.55,-86.5
45.1,-85.2
45.4,-85
45.4,-84.3
45.3,-84.5
45.2,-83.35
45,-83.2
44.25,-83.2
43.55,-83.5
43.35,-83.5
43.55,-83.25
44.5,-82.55
43.35,-82.4
43.5,-82.25
43.2,-81.45
43.55,-81.45
44.25,-81.3
44.5,-81.2
45.1,-81.3
44.45,-80.55
44.3,-80.5
44.5,-79.45
45.25,-80.15
45.55,-80.45
46.5,-81.4
46.1,-82.2
46.1,-83
46.15,-83.4
46.15,-84.1
45.55,-84
45.55,-84.5
46,-85.15
45.55,-85.45
45.45,-86.45
45.45,-87
45.25,-87.2
45,-87.4
44.35,-88
45.5,-83.5
45.4,-82.25
45.3,-81.55
45.55,-81.45
45.5,-82.2
45.5,-83.5
41.45,-83.3
41.3,-82.5
41.3,-82.15
41.35,-81.4
41.5,-81.5
42,-80.3
42.15,-79.5
42.3,-79.15
42.5,-78.5
42.5,-79.3
42.5,-80.1
42.35,-80.3
42.4,-80.55
42.35,-81.3
42.15,-81.5
42,-82.3
42,-83.5
41.45,-83.3
43.15,-79.45
43.1,-79.15
43.2,-78.35
43.2,-78
43.15,-77.25
43.2,-76.5
43.3,-76.1
44,-76.15
44.2,-76.5
44.1,-76.4
43.55,-77
44,-77.4
43.55,-78.1
43.5,-78.5
43.4,-79.25
43.15,-79.45
-27.9,-109.27
-26.27,-105.21
0.5,-91.25
-0.25,-91.3
-0.4,-91.1
-0.55,-91.3
-1.5,-91.1
-0.45,-90.5
-0.2,-91.5
0.5,-91.25
-0.38,-90.24
-0.54,-89.36
5.32,-87.4
3.59,-81.36
-26.21,-79.52
-33.45,-80.45
-33.38,-78.5
-41.5,-74
-42.2,-74.1
-42.4,-74.1
-43.2,-74.2
-43.25,-73.45
-43,-73.3
-42.4,-73.4
-42.2,-73.2
-42,-73.25
-41.5,-74
-52.35,-68.45
-52.4,-69.1
-52.35,-69.3
-52.5,-69.45
-52.5,-70.15
-53.2,-70.25
-53.3,-70.1
-53.2,-69.25
-53.3,-69.2
-53.45,-70.5
-54.15,-70
-54.1,-70.2
-53.4,-70.3
-54.1,-71
-54,-71.2
-53.5,-72.5
-53.35,-72.3
-53.15,-73.2
-53,-74
-52.45,-74.4
-53,-74.3
-53.15,-74
-53.2,-73.3
-53.35,-73.5
-53.5,-73.2
-54.5,-73.2
-54.5,-72.4
-54.25,-72.3
-54.25,-72
-54.4,-72
-55,-71.1
-55.1,-70.3
-55,-70
-55.2,-69.5
-55.3,-69.2
-55.25,-68.4
-55.4,-68
-55.15,-68.1
-55.15,-67.2
-55,-66.3
-55,-65.4
-54.55,-65.15
-54.4,-65.1
-54.4,-65.5
-54.3,-66.2
-54.15,-66.45
-54,-67.25
-53.4,-68
-53.2,-68.1
-53,-68.15
-52.35,-68.45
-51.5,-61.1
-52.15,-60.3
-52,-60
-52.5,-59.4
-52.2,-59.3
-52.15,-58.5
-52,-58.3
-51.5,-57.45
-51.3,-57.45
-51.2,-58.2
-51.3,-59
-51.2,-59.4
-51.25,-60.3
-51.45,-60.1
-52,-60.3
-51.5,-61.1
-54,-38
-54.15,-37.15
-54.3,-36.35
-54.55,-36
-54.35,-35.5
-54.2,-36.15
-54.5,-37
-54,-38
-56.2,-27.35
-57.47,-26.3
-59.27,-27.18
-7.56,-14.25
-15.55,-5.43
-20.3,-29.19
-37.3,-12.18
-40.2,-10
-54.26,3.24
10,-61.5
10,-61.15
10.15,-61
10.45,-61
10.4,-61.4
10.35,-61.3
10.1,-61.3
10,-61.5
12.12,-68.17
12.21,-69.8
12.4,-68.48
12.3,-69.58
18.1,-78.2
18.1,-78
17.5,-77.4
17.45,-77.15
17.55,-76.55
17.5,-76.35
17.5,-76.15
18.1,-76.25
18.2,-76.5
18.25,-77.2
18.3,-77.5
18.2,-78.15
18.1,-78.2
21.46,-83.4
21.36,-82.57
21.28,-83.3
21.26,-82.5
21.32,-82.3
21.49,-82.39
21.59,-82.52
21.46,-83.4
21.5,-84.5
21.5,-84.1
22.1,-84
22.1,-83.25
22.25,-83.5
22.4,-82.45
22.35,-82.15
22.3,-81.35
22.2,-82.5
22.5,-81.45
22,-81.15
22,-80.3
21.45,-80.1
21.4,-79.45
21.3,-79.15
21.35,-78.45
21.25,-78.35
21,-78.3
20.4,-78
20.4,-77.15
20.2,-77.5
20.5,-77.25
19.5,-77.4
19.5,-77
19.55,-76.3
19.55,-76
19.5,-75.3
19.5,-75
20,-74.4
20.5,-74.1
20.15,-74.15
20.15,-74.3
20.35,-74.5
20.4,-75.2
20.35,-75.4
21,-75.35
21.5,-76
21.1,-76.3
21.3,-77
21.4,-77.25
21.55,-77.5
22.1,-78.2
22.2,-78.5
22.2,-79.2
22.4,-79.4
22.5,-80.5
23,-80.3
23,-81
23.1,-81.3
23.1,-82
23,-82.3
22.55,-83
22.5,-83.3
22.35,-84
22.2,-84.2
22,-84.2
21.5,-84.5
18.2,-74.3
18,-73.5
18.1,-73.4
18.1,-73.1
18.5,-72.45
18.1,-72.2
18.5,-71.5
17.35,-71.25
18,-71.5
18.15,-71.5
18.25,-70.35
18.1,-70.35
18.15,-70.5
18.25,-69.3
18.25,-69
18.5,-68.4
18.3,-68.2
18.55,-68.45
19.5,-69.35
19.2,-69.1
19.2,-69.45
19.4,-69.55
19.45,-70.3
19.5,-71
19.5,-71.4
19.4,-72
19.55,-72.35
19.55,-73.1
19.4,-73.3
19.4,-73
19.2,-72.45
19,-72.45
18.35,-72.2
18.2,-72.45
18.2,-73.15
18.3,-73.4
18.35,-74.1
18.2,-74.3
18,-67.1
17.55,-66.45
18,-66.2
18,-65.55
18.15,-65.4
18.3,-66
18.3,-66.35
18.3,-67.1
18,-67.1
17.44,-64.45
18.45,-64.2
18.36,-63.26
18.12,-63.6
17.22,-62.46
17.4,-61.48
16.15,-61.5
15.55,-61.45
16.1,-61.35
16.1,-61.2
16.25,-61.3
16.1,-61.35
16.15,-61.5
15.25,-61.2
14.5,-61.1
14.29,-60.5
13.55,-60.59
13.15,-61.12
12.7,-61.4
13.1,-59.33
11.15,-60.4
25.1,-78.15
24.5,-78.1
24.35,-78.25
24.1,-77.55
23.4,-77.4
24,-77.3
24.2,-77.45
24.4,-77.45
25.1,-78
25.1,-78.15
20.55,-73.4
20.55,-73.1
21.2,-73
21.5,-73.1
21.1,-73.3
20.55,-73.4
26.42,-79
26.3,-78.42
26.4,-78.14
26.4,-77.56
26.28,-77.48
26.52,-77.34
26.28,-77.6
25.58,-77.18
25.2,-77.26
25.3,-76.44
25.8,-76.8
24.4,-76.8
24.4,-75.4
24.1,-75.18
24.3,-74.3
23.4,-75.18
22.52,-74.5
22.5,-74.2
22.34,-73.5
22.12,-74.12
22.25,-73.8
22.2,-72.44
21.4,-72.28
21.54,-72.6
21.4,-71.28
21.31,-71.8
32.18,-64.45
24.33,-81.49
24.4,-81.18
35.5,-76
35.15,-75.35
35.35,-75.25
40.35,-74
40.4,-73.2
40.45,-72.4
41,-72
41.1,-72.2
41,-72.5
40.55,-73.2
40.5,-73.55
40.35,-74
49.5,-64.25
49.35,-63.45
49.2,-63.3
49.1,-62.55
49.5,-62.15
49.5,-61.4
49.25,-62
49.35,-62.3
49.45,-63.5
49.5,-63.45
49.5,-64.25
46.4,-64.15
46.25,-63.55
46.1,-63.2
45.55,-62.3
46.15,-62.3
46.3,-62
46.25,-62.45
46.25,-63.2
46.35,-63.55
46.55,-64
46.4,-64.15
62.1,-83.4
62.15,-82.5
62.4,-81.55
62.45,-81.55
62.45,-82.35
62.35,-83.2
62.1,-83.4
62.2,-80.5
61.45,-80.1
61.3,-79.45
61.55,-79.2
62.2,-79.15
62.2,-80.5
56.15,-80
56.2,-79.25
55.55,-80.5
55.55,-79.3
56.1,-79.1
55.45,-79.1
56.2,-78.55
56.35,-79.1
56.15,-80
53,-82
52.5,-81.25
52.4,-80.45
53.5,-81
53.1,-81.25
53,-82
47.55,-59.2
47.3,-59.1
47.4,-58.25
47.35,-57.35
47.35,-56.5
47.35,-56.5
47.3,-55.25
47.1,-55.25
46.55,-55.55
46.5,-55.2
47.2,-54.5
47.25,-54.25
47.2,-53.55
46.5,-54.1
47.5,-53.4
46.4,-53.4
46.4,-53.5
47.1,-52.55
47.4,-52.45
47.35,-53.15
48.5,-53
48,-53.2
47.35,-53.4
47.45,-53.55
48.5,-53.45
48.35,-53
48.3,-53.45
48.5,-54
49.15,-53.3
49.25,-54
49.25,-54.4
49.2,-55.2
49.4,-55.55
49.55,-55.3
50.5,-56.5
49.45,-56.5
50.15,-56.3
50.35,-56.1
51.5,-55.45
51.35,-55.3
51.35,-56
51.2,-56.4
51,-57
50.35,-57.15
50.5,-57.4
49.3,-57.55
49,-58.25
48.35,-58.45
48.3,-58.25
48.1,-58.55
47.55,-59.2
63.4,-87.1
63.4,-85.5
63.1,-85.45
63.15,-84.5
63.4,-84.1
64,-83.35
64,-82.5
63.45,-82
63.25,-81.1
63.5,-80.15
64.5,-81.15
64.3,-81.45
64.5,-82.3
65.1,-83.4
65.35,-84.4
66.5,-85
65.4,-86
65.15,-86.15
64.4,-86.25
64.5,-86.1
63.4,-87.1
67.4,-77.15
67.1,-76.5
67.15,-75.4
67.3,-75
67.55,-74.5
68.15,-75.2
68.15,-76.3
67.4,-77.15
71.45,-90
71.2,-89
70.5,-88.15
70.25,-87.2
70.5,-85.45
70.5,-84.2
69.55,-82.2
70,-81.2
69.35,-79.5
69.45,-79
70.15,-78.5
69.5,-77.3
69.2,-75.5
68.4,-76.1
69,-75
68.3,-74.15
68.1,-73
67.4,-72.4
67.15,-72.2
66.55,-73
66.3,-73.45
66.1,-74.35
65.4,-73.4
65.2,-74.4
65.2,-76
65.3,-77.3
65.1,-77.4
65.5,-78.15
64.4,-78.35
64.15,-78
64.15,-76.3
64.3,-75.45
64.25,-74.4
64.1,-73.4
64,-72.45
63.45,-71.55
63.2,-71.55
63,-71.5
62.5,-70.2
62.4,-69.2
62.25,-69
62.1,-68.5
62,-67.1
61.55,-66.1
62.2,-66.1
62.4,-66.55
63.5,-67.45
63.25,-68.3
63.5,-68.55
63.35,-67.45
63.15,-66.5
62.55,-65.45
62.55,-64.3
63.35,-64.15
64,-65
64.3,-65.5
64.5,-65.45
65.15,-66.5
65.45,-67.25
66.25,-67.1
65.55,-65.3
65.2,-65
65,-63.5
65.3,-63.3
65.4,-62.2
66.5,-62.5
66.4,-61.25
67,-62.1
67.2,-63.1
67.4,-64.15
68.5,-65.1
68.5,-66.45
68.3,-68.5
69,-68.5
69.1,-66.45
69.35,-67.55
70,-67.3
70.3,-68.2
70.5,-69.45
71.25,-71.15
71.4,-72.25
71.45,-74
72.15,-74
72.35,-74.2
72.3,-75.45
72.42,-76.5
72.48,-77.5
72.28,-79
72.28,-80.1
72.1,-81.1
72.4,-80.5
73.8,-81.3
73.35,-81.1
73.5,-81.4
73.45,-82.55
73.25,-84.2
73,-85.3
72.3,-85.35
72.5,-85.4
71.4,-85.2
72,-86.2
72.25,-86.25
72.5,-86.3
73.15,-86.5
73.32,-85.3
73.48,-84
73.5,-85.25
73.5,-87
73.35,-88
73.1,-89.5
72.45,-89.35
72.2,-90
71.45,-90
73.45,-80.3
73.25,-80.5
72.59,-80.3
72.5,-79.1
72.59,-78.1
72.52,-76.35
73.1,-76.25
73.35,-76.45
73.47,-77.5
73.5,-79.15
73.45,-80.3
75,-96.35
74.49,-95.2
74.4,-93.45
75.12,-93.45
75.33,-94.3
75.33,-95.4
75,-96.35
77.2,-96.1
76.4,-96.15
76.15,-95.5
76.2,-93.15
76.5,-92.1
75.4,-91.5
75.15,-92.1
74.45,-92
74.32,-90
74.28,-88.1
74.25,-86.3
74.25,-84.45
74.45,-83.4
74.3,-82.1
74.4,-80.25
75.5,-79.5
75.28,-79.5
75.43,-81.35
75.43,-83.5
75.49,-84.5
75.35,-86.45
75.42,-88.45
75.59,-90.1
76.1,-89.4
76.22,-90.45
76.39,-91.15
76.39,-93
76.55,-94.2
77.2,-96.1
80,-95
79.43,-93.5
79.2,-93.1
78.59,-93.4
78.32,-93.2
78.1,-92
78.1,-89.15
78.32,-88.5
79,-87.15
79.15,-85.55
79.38,-85.55
79.45,-87.4
80.1,-87.1
80.25,-88
80.3,-90.15
80.48,-91.2
81.15,-92
81.15,-93.35
80.48,-93.45
80.27,-95
80,-95
81.3,-90.3
81,-90
80.4,-88.15
80.4,-85.3
80.48,-83.3
80.48,-80.4
80.55,-77.4
80.38,-79.35
80.28,-82.3
80.15,-83.4
80.25,-85.5
79.52,-86.4
79.42,-85.1
79.15,-85.1
78.52,-84.35
78.45,-86
78.1,-87.35
77.55,-85.35
77.5,-88
77.25,-88
77.15,-87
77.8,-88.1
76.5,-89.3
76.25,-89.3
76.2,-87.45
76.15,-85.1
76.25,-84
76.2,-82.4
76.3,-81.35
76.1,-81
76.25,-79
76.5,-77.45
77.15,-79.15
77.35,-77.4
77.55,-78
78,-75.5
78.3,-75
79,-75
79.3,-74
79.43,-71.3
80.12,-70
80.35,-68.5
80.57,-66.45
81.25,-64.2
81.4,-64.15
81.57,-62.3
82.12,-61.1
82.25,-61.1
82.33,-62.55
82.48,-64.25
82.55,-67.1
83.5,-69.45
83.5,-72.3
82.59,-74.3
83.3,-76.5
82.55,-80.45
82.35,-82.35
82.2,-85
82.8,-86.4
81.55,-86.4
81.55,-89
81.3,-90.3
79.54,-99.3
79.45,-97.4
80.1,-98.5
79.54,-99.3
79.12,-106.2
79,-105.55
78.5,-104.1
78.32,-105
78.18,-104.1
78.1,-102.1
78.1,-100.5
77.45,-100
77.55,-98.5
77.58,-97.1
78,-95.5
78.18,-95.25
78.33,-95.5
78.54,-98
78.29,-98.1
78.5,-98.35
78.8,-99.35
78.29,-100
78.53,-100
79.12,-101.25
79.12,-103
79.23,-104.15
79.23,-105.4
79.12,-106.2
77.4,-97
77.28,-95.1
77.21,-93.1
77.34,-92.2
77.48,-92.3
77.5,-95
77.4,-97
77.4,-105.4
77.11,-105.2
77.5,-104
77.26,-104.35
77.45,-104.45
77.4,-105.4
76.35,-105
76.1,-104.15
75.5,-104
75.25,-103
75.38,-101.3
75.4,-100.35
75.4,-98.2
75.35,-97.5
76,-98
76.23,-98
76.4,-99.3
76.42,-101.15
76.25,-101.55
76,-102
76.22,-103
76.38,-104
76.35,-105
75.7,-104.45
75.8,-103.35
75.28,-104.15
75.7,-104.45
72.55,-102.55
72.38,-102.2
72.15,-102
72.15,-100.55
71.5,-99.55
71.2,-99
71.4,-97.5
71.5,-96.25
72.25,-96.15
72.59,-96.4
73.1,-98.5
73.38,-97.5
74.8,-97.45
73.55,-98.5
74,-100.1
73.5,-101.15
73.3,-101.25
73.2,-100.3
73.4,-102
72.55,-102.55
78.15,-113.45
78.18,-112
78.1,-111
78.12,-109.35
78.23,-108.55
78.35,-110.45
78.3,-113
78.15,-113.45
77.55,-115.3
77.42,-114.5
77.45,-114.5
78.5,-114.15
77.55,-115.3
77.45,-113.35
77.25,-113.15
77.2,-111.45
77.35,-110.1
78.2,-110
78.1,-111.5
77.52,-112.15
77.45,-113.35
75.35,-119.3
75.29,-118.3
75.45,-118.5
76.8,-117.45
75.54,-118.55
75.35,-119.3
76.15,-124.1
75.52,-123.5
75.55,-121.55
75.5,-120.35
76.1,-119.3
76.3,-118.55
76.18,-117.3
76.43,-116.1
77.5,-116.35
77.2,-115.3
77.35,-116.45
77.18,-117.4
77.2,-119.2
77.9,-120.3
76.53,-121.4
76.3,-122.45
76.15,-124.1
75.15,-117.45
75.8,-116.2
74.58,-115.15
75.15,-114.15
74.55,-113.15
74.43,-114.3
74.3,-114
74.25,-112.45
74.32,-111.4
74.48,-110.4
75,-109.3
74.57,-107.25
75.2,-106.1
75.28,-106
75.52,-105.4
76.1,-107
76.2,-108.35
76.48,-109.1
76.35,-110
76.15,-110.45
76.6,-109.5
75.5,-110.5
75.3,-109.25
75.34,-111.25
75.55,-112
76.1,-112.45
76.25,-114.2
76.28,-115.45
76.8,-116.25
75.4,-117.1
75.15,-117.45
71.36,-119
71.22,-117.45
71.2,-118.5
70.45,-117.5
70.4,-115.25
70.42,-114
70.25,-112.4
70.1,-114
70.1,-115.3
70.7,-116.45
69.3,-116.25
69.15,-115.1
69.15,-113.45
68.35,-113.5
68.39,-111.4
68.45,-110
69,-108.25
69.1,-107.5
69.3,-106
69.9,-105.5
68.52,-103.5
69,-102.35
69.18,-101.3
69.4,-102
69.45,-100.5
70.13,-100.4
70.24,-102.2
70.4,-103.45
71.3,-104.45
71.38,-104.35
72.1,-105.1
72.35,-105.3
73.3,-104.4
73.25,-104.1
73.42,-105
73.4,-106.35
73.1,-107.25
72.4,-108
73,-109.35
72.51,-110.5
73.5,-111.55
72.43,-113.15
73.18,-113.4
73.18,-114.5
73.1,-115.45
72.5,-117
72.35,-118
72.18,-118
72.2,-118.5
71.36,-119
72.5,-125.15
71.4,-123.5
71.5,-123.5
71.2,-121.45
71.25,-120.35
71.55,-119.4
72.35,-119.15
72.55,-117.5
73.12,-116.3
73.3,-115.5
73.5,-116.35
74.15,-117.35
74.15,-119.25
74.3,-121.1
74.15,-122.4
74.5,-124.25
73.3,-123.45
72.59,-124
72.3,-124.4
72.5,-125.15
55.15,165.5
54.4,166.4
52.55,172.3
52.45,172.55
52.5,173.2
53,172.5
52.55,172.3
51.58,177.33
51.55,-178.15
51.47,-177.5
51.35,-178.5
51.4,-176.55
51.45,-176.2
51.55,-176.45
51.4,-176.55
52.5,-174.5
52.1,-174.2
52.25,-174.1
52.23,-172.26
52.45,-169.1
53.1,-168.2
53.2,-168
53.35,-168
53.3,-168.3
52.45,-169.1
53.2,-167.4
53.3,-167
53.42,-166.25
54,-166.25
54,-167.1
53.4,-167.1
53.2,-167.4
63.4,-171.45
63.2,-171.45
63.25,-170.45
63.5,-169.5
63.2,-168.5
63.25,-169.5
63.4,-170.3
63.4,-171.45
60.1,-167.25
59.55,-166.5
59.5,-166.1
60,-165.3
60.15,-165.3
60.2,-166.5
60.15,-166.45
60.1,-167.25
57.15,-154.5
56.45,-154.5
57,-153.25
57.2,-153.5
57.3,-152.15
57.5,-152.3
57.55,-153
58.1,-152.5
58.25,-152.3
58.5,-153.15
57.45,-153.55
57.15,-154.5
54.1,-133.5
53.35,-133
53.2,-132.3
52.5,-132.15
52.25,-131.5
52,-131
52.3,-131.2
52.45,-131.5
53.5,-131.4
53.35,-132
54.5,-131.4
54.5,-132.2
54.1,-133.5
50.4,-128.2
50.1,-127.45
49.55,-127.5
49.4,-126.25
49.25,-126.3
49.15,-125.55
49,-125.3
49,-125
48.45,-125
48.3,-124.15
48.2,-123.4
48.3,-123.1
48.55,-123.4
49.2,-124.25
49.45,-125
50.15,-125.3
50.25,-126.15
50.35,-127.1
50.5,-127.55
50.4,-128.2
78.1,-73
77.52,-71.4
77.55,-70.2
77.35,-70
77.21,-68.25
77.15,-70
77.1,-71.1
76.48,-70.15
76.36,-68.45
76.23,-69.3
76.8,-68.3
75.55,-66.35
76.8,-65.2
76.1,-63.25
76.1,-61.4
75.49,-60
75.4,-58.2
75.19,-58.2
74.58,-57.3
74.3,-56.3
74,-56.3
73.35,-55.4
73.1,-55.3
72.35,-55.5
72.1,-55.2
71.41,-55.45
71.25,-55.15
71.25,-54
71.45,-53.2
71.1,-52.45
71,-51.35
70.3,-51.15
70.48,-52.5
70.5,-54.15
70.15,-54.35
69.4,-54.5
69.18,-53.4
69.28,-52.1
69.55,-51.15
69.2,-50.45
68.35,-51
68.35,-52.35
68.1,-53.2
67.35,-53.4
67,-53.45
66.3,-53.3
66,-53.3
65.3,-52.25
64.55,-52
64.2,-52
64,-51.2
63.35,-51.15
62.5,-50.2
62.3,-50.5
61.55,-49.3
61.25,-49
60.5,-48
60.45,-46.4
60.35,-45.45
60.1,-45.1
59.5,-43.55
60,-43.15
60.3,-42.5
61,-42.45
61.3,-42.3
62,-42
62.4,-42.25
63,-41.3
63.3,-40.45
64,-40.3
64.3,-40.25
65.1,-41
65.5,-40
65.3,-39.4
65.4,-38.3
65.4,-37
66,-35.4
66.2,-34.45
66.4,-33.55
67.5,-33.25
67.3,-33
67.55,-32.1
68.1,-31.2
68.1,-30
68.25,-28.45
68.35,-27.3
68.5,-26.15
69.5,-25.15
69.25,-24.15
69.45,-23.1
70.5,-22.3
70.1,-23.45
70.25,-25.5
70.1,-26.2
70.25,-26.2
70.4,-25.15
71.1,-25.3
71.2,-24.3
71,-24.15
70.35,-24
70.25,-23.5
70.3,-21.5
71,-21.45
71.25,-21.45
71.5,-22.35
72.1,-23.4
72.3,-24.35
72.18,-23.2
72.5,-22
72.25,-21.45
72.55,-22
73.3,-23
73.15,-22.1
73.25,-21.35
73.28,-20.2
73.5,-20.2
74,-21.3
74.15,-19.15
74.4,-18.5
74.4,-20.5
75.12,-19.25
75.42,-19.25
76.12,-20
76.18,-21.3
76.4,-21.25
76.55,-20.2
76.45,-18.25
77.5,-18.1
77.35,-18.5
77.55,-19.4
78.25,-19.1
78.5,-19.3
79.8,-18.3
79.32,-18.5
79.58,-17.1
80.25,-15.5
80.45,-14.2
81.19,-11.4
81.41,-13.15
81.48,-16.25
81.29,-18.1
81.35,-19.3
81.19,-20.45
81.5,-22.3
80.55,-24.5
81.22,-23.4
81.38,-22
81.48,-21.2
82.5,-21.4
82.2,-23.4
81.45,-23.4
81.41,-25.2
82.4,-25.2
82.4,-29.5
82.15,-28.15
82.13,-25.35
82.19,-22.1
82.34,-20
82.51,-21.4
82.59,-24
83.15,-24.5
83.33,-27.2
83.35,-31.3
83.39,-36
83.25,-39.3
83.12,-44
82.5,-46.3
82.25,-47.2
82.28,-50.3
82,-51.15
82.2,-54.3
82.5,-59.2
81.45,-62
81.25,-61.15
81.8,-61.5
81.11,-63.45
80.55,-65
80.32,-66.45
80.5,-67.4
80.5,-65
79.45,-64.3
79.12,-65.4
79.1,-68.4
78.45,-70.2
78.35,-72.2
78.1,-73
65.3,-24.2
65.25,-23.35
65.35,-22.45
65.25,-22.5
65.5,-22.5
64.45,-24
64.45,-22.35
64.15,-22
63.5,-22.45
63.5,-21
63.35,-20
63.25,-18.45
63.45,-17.4
63.5,-16.45
64.1,-15.5
64.25,-14.3
64.55,-13.4
65.3,-13.4
65.45,-14.4
66.2,-14.45
66.15,-15.4
66.3,-16.15
66.1,-16.5
66,-17.35
66.1,-18.15
66.5,-19.15
65.5,-19.4
66.5,-20.15
65.35,-20.2
65.25,-21.25
66,-21.3
66.2,-22.15
66.25,-23
66.1,-23
66.1,-23.4
65.5,-23.45
65.3,-24.2
70.5,-9
71.1,-8
75.24,-18.5
75,-18.5
75.3,-17.55
75.24,-18.5
0,9.2
-0.3,9.15
-0.5,8.45
-1.2,9
-1.5,9.1
-2.15,9.3
-2.45,9.5
-3.5,10.2
-3.25,10.4
-3.45,11
-4.5,11.2
-4.3,11.35
-4.55,11.55
-5.2,12.1
-5.45,12.1
-6,12.2
-6.25,12.25
-6.45,12.4
-7.15,12.55
-7.45,13
-8.1,13.15
-8.4,13.25
-9.1,13
-9.25,13.1
-9.55,13.2
-10.2,13.35
-10.4,13.5
-11.15,13.55
-11.5,13.5
-12.15,13.4
-12.4,13.25
-12.55,13
-13.2,12.4
-13.55,12.3
-14.3,12.2
-15,12.1
-15.3,12.5
-16,11.5
-16.3,11.5
-17,11.45
-17.25,11.45
-17.55,11.5
-18.3,12.5
-18.5,12.25
-19.15,12.4
-19.45,12.55
-20.15,13.15
-20.5,13.25
-21.15,13.45
-21.4,13.55
-22.5,14.2
-22.3,14.3
-22.55,14.25
-23.3,14.3
-24,14.3
-24.25,14.35
-25,14.5
-25.3,14.5
-25.55,14.55
-26.25,15.5
-27,15.15
-27.3,15.2
-27.5,15.4
-28.15,15.55
-28.35,16.25
-29,16.45
-29.35,16.55
-30,17.1
-30.35,17.2
-31,17.35
-31.25,17.55
-32,18.15
-32.35,18.2
-32.5,18.5
-32.5,17.5
-33.25,18.15
-33.5,18.25
-34.15,18.25
-34.5,18.45
-34.25,19.1
-34.45,19.35
-34.45,20.1
-34.3,20.3
-34.25,21.5
-34.25,21.45
-34.1,22.5
-34.5,22.4
-34.1,23.15
-34,23.4
-34.1,24.15
-34.15,24.45
-34,25.5
-34,25.45
-33.45,26
-33.45,26.35
-33.4,27.5
-33.2,27.3
-33,28.5
-32.45,28.3
-32.25,28.5
-32,29.15
-31.4,29.35
-31.2,30
-30.55,30.25
-30.3,30.4
-30,30.55
-29.35,31.15
-29.1,31.3
-28.5,32
-28.35,32.25
-28.5,32.35
-27.3,32.45
-27,32.55
-26.35,32.55
-26.15,32.55
-26.5,32.35
-25.3,32.55
-25.2,33.25
-25.1,33.45
-24.55,34.25
-24.45,34.55
-24.3,35.15
-24,35.3
-23.3,35.25
-23.5,35.3
-22.3,35.3
-22.5,35.2
-21.25,35.1
-20.5,35
-20.3,34.4
-20,34.45
-19.4,35.1
-19.25,35.3
-19,35.5
-18.5,36.15
-18.2,36.4
-17.55,37
-17.3,37.2
-17.2,37.5
-17.1,38.15
-17.5,38.55
-16.45,39.15
-16.2,39.45
-16,40.5
-15.35,40.25
-15.1,40.4
-14.4,40.45
-14.5,40.35
-13.35,40.35
-13,40.25
-12.25,40.3
-12,40.3
-12.3,40.25
-11,40.3
-10.3,40.3
-10.1,40.1
-9.55,39.5
-9.25,39.4
-8.5,39.25
-8.1,39.2
-7.35,39.2
-7.5,39.35
-6.35,39.1
-6.5,38.45
-5.35,38.55
-5.5,39.5
-4.35,39.2
-4.1,39.35
-3.35,39.55
-3,40.15
-2.25,40.15
-2.3,40.4
-2.5,41.5
-1.45,41.3
-1.15,41.45
-0.55,42.5
-0.25,42.25
0,42.55
0.25,43.1
0.45,43.35
1,44
1.25,44.25
1.45,44.5
1.55,45.2
2.15,45.45
2.35,46.1
3,46.3
3.25,46.55
3.45,47.15
4.1,47.4
4.35,47.55
5.5,48.1
5.25,48.3
5.45,48.55
6.2,49.5
6.45,49.15
7.15,49.3
7.4,49.45
8.1,49.55
8.3,50.1
8.55,50.25
9.25,50.45
10,50.45
10.25,51
11,51.5
11.45,51.1
11.55,50.35
11.3,50.1
11.2,49.35
11.1,49
11.15,48.3
11.5,48
11.5,47.25
10.45,46.5
10.4,46.2
10.45,45.45
10.3,45.15
10.2,44.45
10.25,44.15
10.4,43.55
11.5,43.35
11.25,43.15
11.4,42.55
11.55,43.25
12.25,43.15
12.5,42.5
13.15,42.25
13.4,42.5
14.5,41.35
14.35,41.1
14.45,40.4
15,40.5
15.3,39.5
15.35,39.3
16,39.15
16.3,39.1
17.5,39.5
17.35,38.5
18,38.35
18.25,38.5
18.4,37.35
19.15,37.2
19.4,37.15
20.15,37.1
20.45,37.15
21.5,37.15
21.3,36.55
22.5,36.55
22.15,36.35
22.3,36.1
22.45,35.5
23.15,35.35
23.35,35.3
24,35.35
24.2,35.15
24.5,35
25.15,34.45
25.45,34.3
26.1,34.2
26.4,34
27.5,33.55
27.25,33.4
27.5,33.35
28.1,33.15
28.35,32.55
29,32.4
29.25,32.35
29.5,32.2
30,32.35
29.35,32.45
29.5,33
28.45,33.15
28.25,33.25
28.5,33.45
27.45,34.1
27.55,34.25
28.2,34.25
28.55,34.4
29.3,35
29,35
28.3,34.5
28,34.4
28,35.1
27.35,35.3
27.1,35.45
26.4,36.5
26.1,36.25
25.5,36.45
25.2,37.5
24.5,37.15
24.2,37.3
24.5,38
23.45,38.25
23.15,38.45
22.45,39
22.15,39.5
21.55,39
21.3,39.5
20.55,39.1
20.35,39.3
20.15,39.4
20.5,40.2
19.4,40.45
19.1,41
18.4,41.15
18.1,41.3
17.45,41.45
17.3,42.5
17,42.25
16.3,42.4
16.5,42.45
15.4,42.4
15.1,42.45
14.35,42.55
14,43.5
13.45,43.15
13.15,43.1
12.45,43.3
12.4,43.55
12.45,44.25
12.5,44.55
13,45.25
13.2,45.4
13.2,46.5
13.15,46.35
13.2,47.5
13.35,47.25
13.55,47.5
13.55,48.2
14.5,48.5
14.3,49.1
14.45,49.4
14.55,50.15
15.5,50.45
15.15,51.15
15.25,51.45
15.35,52.15
15.55,52.15
16.15,52.25
16.3,52.55
16.4,53.25
16.55,53.55
17,54.25
16.55,54.5
17.1,55.15
17.4,55.25
17.5,55.55
17.55,56.2
18.5,56.35
18.35,56.45
18.5,57.5
18.55,57.3
19.5,57.55
19.3,57.45
20,57.5
20.25,58.5
20.25,58.3
20.5,58.45
21.1,59
21.25,59.2
21.55,59.35
22.25,59.5
22.4,59.25
23.5,59.5
23.3,58.5
23.4,58.15
23.45,57.45
24,57.15
24.2,56.5
24.45,56.25
25.2,56.25
25.5,56.25
26.5,56.3
26.1,56.15
25.5,56.5
25.35,55.4
25.15,55.2
24.55,55
24.35,54.3
24.1,54.15
24.5,53.5
24.1,53.15
24.1,52.45
23.55,52.25
24,51.5
24.15,51.4
24.15,51.15
24.45,51.35
25.15,51.4
25.45,51.35
26.5,51.2
26,51.5
25.35,51
25.1,50.4
25.25,50.3
25.5,50.1
26.15,50.15
26.4,50.5
27,49.4
27.25,49.15
27.5,48.5
28.15,48.35
28.45,48.2
29.15,48.1
29.25,47.45
29.35,48.2
30,48.35
30.3,48.55
30.15,49.15
30,49.35
30.1,50
29.5,50.2
29.15,50.4
28.45,51.5
28.15,51.15
27.5,51.3
27.4,52.1
27.25,52.35
27,53
26.55,53.3
26.35,53.5
26.4,54.2
26.25,54.45
26.4,55.2
26.5,55.45
27,56.15
27,56.45
26.4,57.5
26.15,57.1
25.45,57.2
25.4,58
25.35,58.35
25.25,59.1
25.2,59.4
25.2,60.1
25.15,60.45
25.1,61.1
25.5,61.5
25.1,62.25
25.15,62.55
25.15,63.3
25.25,63.5
25.15,64.15
25.1,64.4
25.15,65.1
25.2,65.35
25.25,66.5
25.2,66.35
25,66.5
24.45,67.1
24.2,67.2
23.55,67.25
23.45,67.55
23.3,68.2
23.5,68.4
22.45,69.1
22.45,69.45
22.55,70.2
22.25,70.1
22.15,69.4
22.15,69.5
21.45,69.2
21.25,69.4
21,70.5
20.45,70.35
20.45,71.1
20.55,71.4
21.15,72.5
21.5,72.1
22.15,72.2
22.1,72.35
21.4,72.3
21.15,72.35
20.5,72.5
20.15,72.45
19.45,72.4
19.15,72.5
19,73
18.4,72.5
18.5,73
17.3,73.1
17,73.15
16.25,73.2
16,73.3
15.3,73.45
15,74.5
14.3,74.25
14,74.3
13.3,74.4
13,74.5
12.25,75
12,75.15
11.35,75.35
11.1,75.5
10.4,76
10.1,76.1
9.35,76.2
9,76.3
8.35,76.5
8.15,77.1
8.5,77.35
8.2,78
8.55,78.1
9.1,78.35
9.15,79
9.45,79
10.15,79.2
10.15,79.5
10.5,79.5
11.15,79.45
11.45,79.45
12.1,80
12.4,80.15
13.15,80.2
13.5,80.15
14.25,80.1
15,80.5
15.25,80.1
15.5,80.25
15.45,81
16.1,81.1
16.15,81.3
16.2,82
16.35,82.15
17,82.2
17.1,82.35
17.25,83
17.5,83.2
18.5,83.4
18.15,84.5
18.35,84.3
19,84.5
19.2,85.5
19.4,85.3
19.45,85.55
19.55,86.25
20.2,86.45
20.45,87
21.5,86.55
21.25,87.5
21.35,87.35
21.45,88
22.5,88.1
21.3,88.2
21.35,88.45
21.4,89.15
21.45,89.45
21.5,90.15
22.1,90.35
22.25,90.55
22.45,91.25
22.2,91.45
21.55,91.55
21.3,92
21.5,92.1
20.4,92.3
20.15,92.55
19.55,93.1
19.55,93.3
19.3,93.45
19.15,93.35
18.5,93.5
18.5,94.1
18.2,94.2
17.45,94.3
17.1,94.35
16.35,94.25
16.5,94.15
15.5,94.45
15.45,95.5
15.45,95.3
16.5,95.5
16.2,96.15
16.35,96.45
16.55,96.55
16.45,97.15
16.2,97.35
15.5,97.45
15.2,97.5
14.45,97.55
14.15,98.5
13.4,98.15
13.5,98.35
12.3,98.45
11.55,98.3
11.25,98.45
11,98.45
10.4,98.3
10.1,98.3
9.35,98.3
9,98.15
8.3,98.15
8.5,98.25
8.15,98.4
7.5,99.5
7.2,99.25
7,99.45
6.4,100.5
6.5,100.2
5.4,100.2
5.5,100.25
4.45,100.4
4.15,100.35
3.45,100.55
3.2,101.2
2.5,101.25
2.3,101.55
2.1,102.15
1.55,102.45
1.4,103.1
1.25,103.3
1.25,104.15
2,104.5
2.35,103.45
2.55,103.25
3.25,103.25
3.55,103.25
4.25,103.25
4.55,103.25
5.25,103.5
5.45,102.4
6.5,102.15
6.25,101.5
6.5,101.3
6.55,100.55
7.1,100.35
7.45,100.25
8.15,100.15
8.35,99.55
9.15,99.5
9.1,99.2
9.4,99.1
10.15,99.1
10.5,99.2
11.1,99.35
11.4,99.45
12.5,99.55
12.45,99.55
13.2,100
13.3,100.25
13.2,100.55
12.45,100.55
12.4,101.25
12.4,101.5
12.15,102.15
12.5,102.35
11.45,102.5
11.2,103
10.55,103.15
10.35,103.4
10.35,104.15
10.15,104.3
10.5,105
9.35,104.5
9.5,104.5
8.4,105
9,105.25
9.2,105.5
9.25,106.2
9.5,106.4
10.25,106.4
10.25,107.15
10.4,107.4
10.55,108.5
11.1,108.3
11.25,109
11.45,109.1
12.1,109.1
12.5,109.15
13.15,109.15
13.45,109.15
14.15,109.1
14.45,109
15.2,108.5
15.45,108.25
16.1,108.5
16.3,107.4
16.55,107.1
17.2,106.5
17.45,106.25
18.5,106.2
18.25,105.55
19,105.35
19.3,105.45
19.55,105.55
20.15,106.25
20.4,106.4
21,107.5
21.15,107.35
21.3,108
21.4,108.3
21.4,109
21.25,109.25
21.25,109.45
21,109.4
20.45,109.45
20.2,109.55
20.2,110.15
20.3,110.3
20.55,110.15
21.15,110.25
21.25,110.55
21.3,111.3
21.45,112
21.5,112.3
22,113
22.3,113.5
22.1,113.3
22.4,113.4
22.15,114.1
22.4,114.3
22.4,115
22.45,115.3
22.5,116
23.5,116.3
23.25,117
23.4,117.25
24,117.5
24.15,118.1
24.35,118.1
24.35,118.4
25,118.5
25.15,119.1
25.35,119.25
26,119.4
26.2,119.45
26.45,119.4
26.4,120
27,120.2
27.25,120.35
27.5,120.5
28.1,121.5
28.1,121.25
28.25,121.35
28.4,121.3
29.1,121.4
29.1,121.55
29.45,122
30,122.5
30.5,121.4
30.15,121.2
30.1,120.45
30.2,120.25
30.25,120.55
30.4,121.1
30.5,121.3
30.55,121.55
31.15,121.5
31.4,121.15
31.4,121.5
32.5,121.4
32.25,121.15
32.35,120.55
33,120.5
33.25,120.4
33.5,120.3
34.2,120.2
34.35,119.45
34.5,119.1
35.15,119.25
35.35,119.4
35.55,120.1
36.1,120.4
36.35,120.5
36.45,121.3
37,122
36.5,122.2
37.2,122.35
37.25,122.5
37.25,121.35
37.3,121.1
37.45,120.5
37.35,120.2
37.2,120
37.5,119.45
37.5,119.2
37.2,118.55
37.45,118.5
38,118.2
38.15,117.55
38.35,117.35
38.55,117.4
39.15,118
39.5,118.25
39.1,119
39.25,119.15
39.45,119.25
40,119.55
40.1,120.25
40.35,120.5
40.55,121.15
40.5,121.55
40.25,122.15
40,121.55
39.45,121.3
39.3,121.2
39.1,121.4
38.45,121.1
38.5,121.35
39.5,122.5
39.25,122.25
39.35,123
39.45,123.3
39.5,124.5
39.4,124.4
39.35,125.5
39.25,125.25
38.55,125.1
38.3,125
38.5,124.45
37.4,125.2
37.45,126.5
37.25,126.35
37,126.45
36.55,126.1
36.2,126.3
35.45,126.45
35.2,126.2
34.5,126.2
34.2,126.35
34.4,127.1
34.5,127.45
34.55,128.3
35.1,129.5
35.35,129.2
36,129.25
36.3,129.25
37,129.2
37.3,129.1
37.55,128.5
38.15,128.3
38.4,128.15
39,127.5
39.15,127.2
39.35,127.3
39.5,127.2
39.55,127.5
40.5,128.15
40.2,128.45
40.4,129.15
40.5,129.4
41.2,129.4
41.35,129.35
42.5,130.5
42.15,130.4
42.35,130.5
42.35,131.1
43,131.3
43.15,131.45
43.15,132.2
42.55,132.2
42.4,133.5
42.5,133.45
43.1,134.2
43.25,135
43.55,135.3
44.2,135.4
44.45,136.2
45.15,136.55
45.4,137.3
46.5,137.55
46.3,138.15
47.5,138.3
47.3,139
48,139.3
48.3,140.1
49,140.2
49.25,140.3
50,140.3
50.3,140.25
51,140.3
51.25,140.45
51.5,141.5
52.1,141.2
52.25,141.5
52.5,141.5
53.15,141.2
53.3,140.45
53.45,140.15
54,140.1
54.1,139.3
54.1,138.5
53.4,138.15
53.3,137.2
53.5,137.4
54.15,137.4
54.1,137.5
53.45,136.4
54.1,136.4
54.35,136.4
54.3,135.55
54.4,135.15
54.55,135.1
55.1,135.55
55.35,136.35
55.55,137.15
56.2,137.55
56.5,138.3
57.1,139
57.3,139.4
57.45,140.15
58.5,140.35
58.25,141
58.4,141.4
59,142
59.15,142.4
59.2,143.4
59.2,144.4
59.2,145.35
59.1,145.55
59.25,146.3
59.15,147.25
59.2,148.1
59.15,148.5
59.25,148.55
59.4,149
59.45,149.3
59.35,150.1
59.3,150.5
59.35,151.2
59.2,151.4
59.5,151.5
58.5,151.2
58.5,152
59,152.55
59.1,153.2
59.5,154
59.1,155.1
59.25,154.5
59.3,154.1
60,154.3
60.25,155
60.45,155.45
61.1,156.2
61.35,156.55
61.45,157.55
61.5,158.5
61.4,159.3
61.5,160.2
61.15,159.5
60.55,159.55
60.35,160.1
60.55,161
61.15,161.4
61.35,162.15
61.4,162.55
62.5,162.55
62.3,163.15
62.4,164.25
62.3,164.45
62.15,164.5
61.45,163.55
61.1,163.45
60.5,163.3
60.4,162.4
60.25,161.55
60.5,161.35
59.4,160.55
59.15,160.5
58.5,159.4
58.25,159
58,158.15
57.45,157.3
57.45,156.5
57.25,157
57,156.4
56.5,156
56.2,155.45
55.5,155.3
55.15,155.25
54.5,155.3
54.2,155.4
53.55,155.5
53.2,156
52.45,156.5
52.1,156.25
51.4,156.3
51.15,156.3
50.55,156.4
51.15,157.2
51.4,157.55
52.15,158.25
52.5,158.35
53.1,159.1
53.1,159.55
53.35,159.5
54.5,159.55
54.25,160.25
54.35,161.1
54.3,161.4
54.45,162.5
55.1,161.4
55.4,161.35
56.5,161.55
56.15,162.25
56,162.5
56.1,163.15
56.4,163.5
56.5,162.4
57.15,162.4
57.4,163.1
57.55,162.35
57.45,162.5
58.1,161.55
58.35,162.2
59,162.55
59.25,163.1
59.5,163.2
60,164.1
59.5,164.45
60.1,165.2
60.2,166.1
59.45,166.1
60.1,166.5
60.25,167.3
60.35,168.15
60.3,169.1
60.15,169.5
59.55,170.2
60.25,170.4
60.4,171.3
61,172.2
61.2,173.5
61.4,173.5
61.45,174.35
62.5,175.2
62.15,176.15
62.3,177
62.3,178.1
62.15,179
62.4,179.4
63,179.15
63.3,178.5
64,178.35
64.2,178.2
64.2,177.3
64.45,177.3
64.4,178.4
64.55,179.35
65.3,180
65.3,-180
65.1,-179.4
65.4,-179.15
66,-179.55
66.2,-179
65.55,-178.5
65.3,-178.3
65.25,-177.4
65.35,-177
65.25,-176
65,-175.5
64.45,-175.5
64.25,-174
64.15,-173
64.4,-172.45
65,-172.1
65.3,-172.1
65.3,-171.5
65.5,-170.35
66.5,-169.5
66.3,-170.5
66.55,-171.4
67.5,-173.1
67.5,-174.3
67.3,-175
67.5,-175.5
68.1,-176.55
68.25,-178.1
68.45,-179.5
69.5,-180
69.5,180
69.1,179.45
69.25,178.4
69.35,177.25
69.5,176.1
69.5,174.4
69.55,173.2
70,172
70.5,170.35
69.3,170.35
69.5,171
68.5,170.25
68.45,169.35
69.5,169.2
69.15,168.2
69.35,168.15
69.35,169.1
69.5,169.25
70,168.15
69.4,167.4
69.25,167
69.35,165.4
69.4,164
69.35,162.15
69.35,160.4
69.5,159.3
70.15,160
70.4,159.4
70.55,158.5
71,157.3
71.5,156
70.55,154.35
70.55,153.3
70.5,152.25
71.1,152.25
71.25,151.35
71.25,150.4
71.4,150
72.1,149.5
72.2,148.3
72.2,146.5
72.35,145.15
72.4,143.5
72.45,142.25
72.5,140.4
72.3,141.1
72.3,139.45
72.15,139.2
71.55,139.4
71.3,140.1
71.35,138.35
71.3,136.4
71.4,135.5
71.35,135
71.2,134.25
71.3,133.3
71.55,132.35
71.3,132.15
71.5,132
70.45,131.15
70.55,130.2
71.2,129.25
71.5,128.45
72.15,129.3
72.45,129.5
73.15,128.35
73.25,126.55
73.4,124.5
73.4,123
73.2,122.5
73,123.2
72.55,122
73,120
73.1,118.3
73.35,118.4
73.35,117.15
73.45,115.55
73.4,114.5
73.3,113.4
74.5,112.5
74.25,113.2
74.3,112.5
74.2,111.35
74.5,112.5
73.4,113
73.4,112
73.5,111.1
74,110.1
73.45,109.3
73.3,110.1
73.2,108.5
73.1,107.35
73.1,106.3
73.35,107.1
73.45,108.2
74.1,109.4
74.3,111
74.55,112.3
75.15,113.4
75.45,113.5
76.1,113.3
76.3,112.25
76.4,111.1
76.45,109.35
76.45,108.1
76.3,107.5
76.3,106.25
77,107.3
77.5,106
77.5,104.15
77.25,106.5
77.45,104.5
77.25,102.3
77,101
76.3,101
76.3,99
76.1,99.25
76,96.4
76.2,97
76.5,94.45
76.5,93.15
75.45,92.1
75.35,90.35
75.2,88.4
75,87.3
74.4,86.35
74.2,86.3
73.55,87
73.5,85.15
73.4,83.45
73.35,82
73.3,80.2
72.55,80.5
72.25,80.5
72.15,82.1
71.5,82.5
71.4,81.35
72.5,80.35
72.2,79.3
72.2,78.3
72.35,77.45
72.2,77
72,78.2
71.5,77.45
72.5,76.55
71.55,76.5
71.3,76.35
71.15,78
71,78.3
71.1,76.55
71.2,75.2
71.5,75.2
72.15,75.45
72.45,75.3
73.5,74.3
72.55,74.1
72.4,75.5
72.2,75.1
72,74.4
71.5,73.45
71.2,73.1
71,73.5
70.35,74.2
70.1,73.5
69.4,73.4
69.5,73.55
69,75.3
68.45,74.35
68.15,74.3
67.4,74.5
67.15,74
66.5,73.3
66.3,72.3
66.15,71.35
66.4,70.3
67,71.5
67.2,72.3
67.45,73.1
68.1,73.1
68.35,73.35
69,72.35
69.3,72.35
70.5,72.4
70.35,72.4
71.5,72.4
71.3,71.5
71.55,72.25
72.2,72.5
72.4,72.5
72.55,71.2
73.1,71.4
73.3,71.1
73.2,70.5
72.55,69.3
72.3,68.55
72,68.45
71.35,68.15
71.15,67
70.5,66.5
70.25,67.2
70,66.55
69.4,66.55
69.3,67.5
69,68.2
68.45,69.5
68.15,68.35
68.3,67.45
68.5,67.5
69,66
69.15,65.5
69.2,64.5
69.4,63
69.45,61.45
70.5,60.1
70.3,59.5
70.1,58.35
69.55,59.1
69.4,60.1
69.2,60.3
69,61.5
68.45,60.3
68.4,59.5
68.2,59.5
68.25,59.5
69,59.5
68.5,58.1
68.3,57.15
68.35,56.1
68.3,55.1
68.1,54.5
68.3,54
69,53.55
68.45,53
68.3,52.5
68.2,51
68.5,50.1
67.5,49.5
67.4,48.1
67.5,48.1
66.5,47.2
66.5,46.2
67.1,45.5
67.2,44.55
67.45,45.3
67.5,46.4
68.15,46.15
68.3,45.4
68.3,44.3
68.4,43.15
68.15,44.1
67.4,44.1
67.1,43.5
67,44.3
66.3,44.3
66.1,43.55
66.2,43.1
66.25,42.1
66.5,41.3
65.5,40.3
65.3,39.4
65.5,40.1
64.35,40.4
64.4,39.3
64.5,38.4
65.5,37.45
65.1,36.55
64.5,36.3
64.25,37.15
64.25,38
63.55,38
63.55,36.45
64.2,35.45
64.35,34.4
65.5,34.4
65.3,34.4
66,34.4
66.25,33.4
66.4,32.5
67.1,32.15
66.5,33.1
66.4,34.2
66.25,35.2
66.2,36.15
66.15,37.15
66.5,38.2
66.1,39.3
66.25,40.35
66.45,41.15
67.15,41.15
67.4,40.55
68,40
68.15,39
68.35,38
68.55,37
69.1,35.5
69.2,34.3
69.25,33.5
69.45,33.5
69.55,32.5
69.45,31.15
69.5,30
70.1,28.45
70.5,30
70.25,31.1
70.4,30.1
70.55,29.5
71.5,27.45
70.3,26.5
70.55,26.35
70.35,25.35
71.1,25.4
71,24.5
70.4,24.15
70.55,23.2
70.4,22.2
70.15,21.3
70.5,20.1
70.5,18.55
69.35,18.5
69.25,17
69.5,17
69,17.35
68.4,16.4
69,16.35
68.45,15.55
69.15,16.1
68.55,15.2
68.4,14.25
68.25,15
68.15,13.4
67.5,12.55
68.1,14
68.15,15
68.2,16.1
67.5,15
67.25,14.4
67,13.5
66.35,13.2
66.1,13
65.45,12.35
65.15,12.1
64.55,11.2
64.2,10.4
63.55,10.5
63.3,9.3
63.45,8.55
63.2,8.3
63,8
62.55,7
62.3,6.2
62.1,5.4
61.5,4.55
61.3,5.15
61.1,4.5
60.45,5
60.2,5.5
59.55,5.35
59.35,5.15
59.15,5.25
59.2,6.1
59,5.4
58.35,5.35
58.2,6
58.5,6.5
58,7.4
58.15,8.3
58.35,9
59,9.45
59,10.15
59.2,10.35
59.5,11.5
58.3,11.2
58,11.4
57.25,12
56.55,12.2
56.3,12.55
56.1,12.4
55.45,13
55.25,13
55.25,13.4
55.25,14.15
55.45,14.1
56.1,14.4
56.1,15.2
56.1,15.55
56.45,16.2
57.2,16.3
57.45,16.4
58.15,16.4
58.35,16.5
58.55,17.35
59.1,18.2
59.2,18
59.35,18.35
59.5,18.5
60.1,18.35
60.3,17.55
60.5,17.15
61.15,17.1
61.45,17.2
62.15,17.25
62.3,17.45
63,18.25
63.2,19.1
63.35,19.5
63.5,20.4
64.1,21
64.3,21.4
64.45,21
65.5,21.3
65.2,21.25
65.3,22
65.5,22.25
65.45,23.1
65.45,23.5
65.5,24.3
65.3,25.2
65,25.2
64.5,24.4
64.2,24.5
63.55,23.15
63.25,22.25
63,21.35
62.3,21.1
62,21.15
61.3,21.4
61,21.2
60.4,21.2
60.25,22.5
60.1,22.35
60,23.3
60.5,24.25
60.15,25.2
60.25,26.15
60.35,27.1
60.35,28.2
60.1,29.5
60.15,29.45
59.5,30.1
60,29.1
59.4,28.2
59.25,27.55
59.25,26.5
59.35,25.55
59.3,25
59.25,24.1
59.1,23.3
58.45,23.3
58.2,23.45
58.15,24.2
57.45,24.2
57.15,24.2
57,23.5
57.5,23.15
57.25,22.55
57.4,22.25
57.35,21.4
57.5,21.2
56.45,21
56.1,21
55.4,21.5
55.1,20.45
54.55,20
54.3,19.45
54.2,19.15
54.2,18.4
54.5,18.2
54.45,17.3
54.35,16.4
54.15,16
54.1,15.1
53.55,14.2
54,13.5
54.1,13.15
54.2,13.4
54.4,13.2
54.25,12.55
54.2,12.15
54.1,11.5
53.55,11.2
53.55,10.45
54.15,10.55
54.3,10
54.45,10
55,9.25
55.3,9.45
56,10.1
56.1,10.5
56.3,10.5
56.3,10.15
56.5,10.15
57.15,10.3
57.35,10.3
57.3,9.5
57.1,9.25
57.5,8.4
56.5,8.15
56.3,8.5
56,8.5
55.35,8.1
55.2,8.4
54.5,8.4
54.3,9
54.2,8.4
54.5,9
53.5,8.35
53.3,8.3
53.4,8
53.4,7.2
53.25,7
53.25,6.5
53.15,5.3
52.5,5.3
52.45,5.55
52.3,5.55
52.15,5.3
52.25,5.5
52.55,5.5
52.5,4.45
52.25,4.35
52.5,4.2
51.45,4
51.25,3.35
51.15,3
51,2.2
50.5,1.45
50.3,1.35
50.5,1.3
49.55,1.5
49.5,0.35
49.4,0.1
49.15,0
49.2,-0.35
49.15,-1.5
49.4,-1.2
49.4,-1.55
49.1,-1.35
48.35,-1.25
48.35,-2
48.3,-2.4
48.5,-3
48.45,-3.4
48.35,-4.1
48.3,-4.45
48,-4.4
47.5,-4.15
47.5,-3.45
47.35,-3.1
47.3,-2.3
47.2,-2.2
47,-1.55
46.45,-2
46.3,-1.45
46.15,-1.15
45.5,-1
45.15,-1.5
44.4,-1.1
44.15,-1.15
43.4,-1.25
43.25,-1.4
43.2,-2.1
43.25,-2.45
43.3,-3.35
43.2,-4.25
43.3,-5.5
43.35,-5.5
43.3,-6.35
43.3,-7.15
43.45,-8
43.2,-8.2
43.15,-8.55
43,-9.1
42.25,-8.45
42,-8.5
41.4,-8.45
41.1,-8.35
40.45,-8.4
40.15,-8.5
39.4,-8.55
39.2,-9.15
38.5,-9.2
38.3,-9.5
38.3,-8.4
38,-8.45
37.3,-8.45
37.5,-8.55
37.1,-8.2
37.5,-7.5
37.15,-7.25
37.15,-7
37,-6.3
36.45,-6.2
36.15,-6
36.5,-5.3
36.3,-5
36.4,-4.3
36.45,-3.55
36.45,-3.2
36.45,-2.45
36.45,-2.1
37.1,-1.5
37.4,-1.2
37.4,-0.5
38.5,-0.4
38.25,-0.2
38.45,0.15
39.5,-0.15
39.3,-0.2
39.55,0
40.25,0.3
41,1
41.1,1.3
41.2,2.5
41.4,2.4
41.55,3.1
42.3,3.5
43,3
43.15,3.35
43.3,4
43.2,4.35
43.15,5.15
43,5.5
43.5,6.25
43.25,6.5
43.4,7.25
43.5,8
44.1,8.15
44.2,8.4
44.15,9.1
44.5,9.3
44,10.5
43.3,10.1
43.5,10.25
42.4,10.55
42.2,11
42.2,11.3
41.55,12
41.3,12.25
41.15,12.55
41.15,13.35
40.55,14
40.4,14.25
40.35,14.45
40.1,15
40,15.4
39.4,15.45
39.15,16
38.5,16.5
38.35,15.5
38.1,15.4
37.55,15.4
37.55,16
38.1,16.1
38.25,16.3
38.5,16.3
39,17
39.25,17
39.4,16.3
40.1,16.4
40.3,16.55
40.2,17.2
40.15,17.5
39.55,17.55
39.5,18.15
40.1,18.25
40.35,17.55
40.5,17.25
41.5,16.55
41.2,16.2
41.3,15.5
41.5,16.5
41.5,15.15
42.5,14.4
42.2,14.1
42.35,13.55
43,13.5
43.25,13.35
43.4,13.5
43.55,12.4
44.15,12.15
44.35,12.1
44.55,12.2
45.1,12.5
45.3,12.1
45.3,12.35
45.45,13.5
45.4,13.35
45.25,13.25
45.5,13.3
44.5,13.45
45,14.5
45.2,14.1
45,14.5
44.35,14.55
44.2,15.1
44,15.1
43.45,15.45
43.3,16
43.25,16.35
43,17.2
42.35,17.55
42.2,18.3
42,19
41.45,19.3
41.2,19.25
40.45,19.2
40.15,19.2
40,19.45
39.35,20.5
39.15,20.2
38.45,20.4
38.2,21.5
38.15,21.5
38.2,22.35
38,22.55
37.55,23.3
37.35,24
38.1,24
38,24.35
38.1,24.1
38.3,24.5
38.4,23.4
38.55,23.2
39.15,23.1
39.35,22.5
40,22.3
40.35,22.35
40.1,23.5
40.1,23.35
40.25,23.45
40.4,23.3
40.4,24
40.55,24.15
40.5,24.45
40.55,25.1
40.5,25.45
40.3,26.5
40.35,26.35
40.15,26.1
40,26.1
40.2,26.35
40.4,27.5
40.55,27.25
41,28.1
41,28.5
40.4,29.25
40.35,28.55
40.2,29
40.2,28.25
40.2,27.45
40.2,27.1
40.2,26.35
40,26.1
39.25,26
39.3,26.5
39.15,26.4
38.4,26.45
38.25,26.55
38.2,26.4
38.35,26.2
38.15,26.15
38.5,26.45
37.55,27.1
37.35,27.5
37.2,27.3
37,27.1
37,27.4
37,28.1
36.45,28
36.45,28.35
36.2,29.15
36.1,29.45
36.25,30.3
36.5,30.4
36.45,31.15
36.3,32
36.1,32.15
36,32.45
36.1,33.1
36.1,33.35
36.3,34.5
36.5,34.3
36.35,35.1
36.35,35.3
36.55,36
36.4,36.5
36.2,35.45
36,35.55
35.4,35.45
35,35.45
34.3,35.5
34.5,35.3
33.3,35.15
33,35
32.3,34.5
32,34.4
31.3,34.2
31.1,34
31.5,33.15
31,32.4
31.15,32.2
30.55,32.1
31.5,31.45
31.25,31.5
31.3,31.1
31.25,30.35
31.1,30
30.55,29.3
30.5,29
31.5,28.25
31.5,27.5
31.15,27.2
31.25,26.55
31.3,26.2
31.35,25.45
31.3,25.1
31.55,24.55
31.55,24.2
32.5,23.45
32.1,23.1
32.35,23.5
32.45,22.3
32.5,21.5
32.45,21.15
32.35,20.4
32.1,20.5
31.5,19.5
31.3,20
31.5,20.5
30.4,19.55
30.25,19.35
30.15,19.1
30.2,18.4
30.4,18.1
31,17.3
31.1,16.4
31.15,16.5
31.3,15.35
31.45,15.2
32.15,15.2
32.25,14.45
32.4,14.1
32.45,13.35
32.5,12.5
32.5,12.1
33,11.4
33.15,11.5
33.4,10.55
33.35,10.3
33.45,10.5
34.1,10
34.25,10.2
34.45,10.45
35.1,11
35.35,10.55
35.45,10.35
36.2,10.25
36.3,10.45
36.55,11
36.4,10.2
37.1,10.5
37.15,9.35
37.1,9.5
36.55,8.4
36.5,8.1
37,7.25
36.5,7
37,6.15
36.45,5.5
36.4,5.2
36.5,5
36.55,4.25
36.55,3.5
36.5,3.25
36.5,2.55
36.4,2.25
36.35,1.45
36.3,1
36.15,0.3
35.55,0
35.5,-0.3
35.45,-1
35.25,-1.15
35.1,-1.55
35.5,-2.25
35.2,-3
35.15,-3.25
35.15,-4.5
35.1,-4.3
35.3,-5.1
35.5,-5.25
35.45,-5.55
35.15,-6.1
34.5,-6.2
34.25,-6.35
34,-6.5
33.4,-7.25
33.3,-8
33.15,-8.3
32.5,-8.5
32.3,-9.15
32.1,-9.15
31.45,-9.3
31.3,-9.5
30.4,-9.5
30.2,-9.35
29.45,-9.5
29.2,-10.1
28.55,-10.35
28.4,-11.1
28.15,-11.3
28,-12.1
27.55,-12.55
27.3,-13.15
27,-13.25
26.4,-13.4
26.25,-14.1
26.1,-14.25
25.4,-14.35
25.15,-14.45
24.4,-15
24.15,-15.25
23.5,-15.45
23.25,-16
22.45,-16.15
22.2,-16.3
22.5,-16.5
21.35,-16.55
21.5,-17
20.45,-16.35
20.2,-16.1
19.5,-16.1
19.3,-16.3
19,-16.1
18.3,-16
18,-16
17.3,-16.5
17,-16.15
16.3,-16.25
15.5,-16.25
15.25,-16.45
15,-17
14.45,-17.25
14.3,-17
14,-16.45
13.25,-16.4
12.55,-16.45
12.2,-16.45
12.5,-16.2
11.5,-15.55
11.55,-15.3
11.15,-15.25
11.5,-15
10.4,-14.4
10.15,-14.25
10,-14
9.35,-13.35
9.1,-13.15
8.4,-13.1
8.15,-13.5
7.5,-12.55
7.2,-12.25
7.5,-11.55
6.5,-11.25
6.25,-11
6.5,-10.2
5.35,-9.5
5.15,-9.25
4.55,-8.55
4.3,-8.2
4.2,-7.5
4.15,-7.25
4.35,-6.55
4.4,-6.2
5,-5.55
5.5,-5.2
5.1,-4.45
5.15,-4.2
5.15,-3.5
5.5,-3.5
5,-2.35
4.45,-2
5,-1.35
5.1,-1.5
5.15,-0.4
5.3,-0.15
5.5,0.2
5.5,1
6.1,1.15
6.2,1.5
6.25,2.2
6.25,2.5
6.3,3.25
6.3,4
6.2,4.3
5.55,5
5.15,5.15
4.35,5.25
4.15,6
4.15,6.3
4.2,7
4.25,7.3
4.25,8
4.3,8.25
4.3,8.5
4,8.55
3.55,9.2
3.3,9.35
3.5,9.55
2.3,9.45
1.55,9.4
1.3,9.3
1.5,9.15
0.55,9.35
0.3,9.2
0,9.2
14.5,13.5
13.45,13.2
13.2,13.3
13.5,13.5
12.45,13.55
12.3,14.1
12.45,14.35
12.55,15.5
13.25,15.15
13.25,14.45
13.3,14.1
13.5,14.1
14.1,13.55
14.15,13.25
14.5,13.5
-2.5,31.4
-2.45,31.5
-2.2,32.15
-2.3,32.45
-2.3,33.25
-2.1,33.5
-2.5,33.15
-1.45,33.35
-1.2,33.55
-0.45,34.5
-0.25,34.15
0.5,34
0.15,33.3
0.15,33
0.1,32.25
-0.1,31.5
-0.45,31.4
-1.1,31.5
-1.35,31.45
-2.5,31.4
-6,29.15
-6.3,29.3
-7,29.5
-7.25,30.2
-8.5,30.35
-8.35,30.3
-8.45,31.5
-8.15,31
-7.45,30.45
-7.1,30.3
-6.5,30.35
-6.3,30.1
-6.1,29.45
-5.45,30
-5.1,29.5
-4.35,29.4
-4,29.25
-3.2,29.2
-4,29.5
-4.3,29.15
-5,29.5
-5.35,29.2
-6,29.15
-12.1,34.5
-12.35,34.1
-13,34.2
-13.25,34.2
-13.45,34.4
-14.1,34.45
-14.5,35.5
-14.3,35.2
-13.5,35.15
-13.25,34.55
-12.5,34.5
-12.15,34.5
-11.4,35
-11.5,34.4
-10.35,34.35
-9.55,34.3
-9.35,34.5
-9.5,34
-10.5,34.15
-11,34.15
-11.45,34.25
-12.1,34.5
42.3,27.3
42.5,27.55
41.4,28.5
41.2,28.35
41.1,29.1
41.5,29.5
41.1,30.3
41.5,31.5
41.2,31.35
41.35,32.5
41.5,32.35
42,33.15
41.55,33.5
41.55,34.3
42,35
41.4,35.2
41.4,36
41.15,36.2
41.15,36.45
41,37.15
41.5,37.4
40.55,38.1
41,38.45
41.5,39.2
41,39.55
41.5,40.3
41.25,41.5
41.4,41.35
42,41.4
42.2,41.25
42.45,41.15
42.55,41
43.1,40.2
43.25,39.5
43.4,39.3
44.5,39
44.2,38.3
44.25,38
44.35,37.4
44.45,37.15
45.5,37
45.5,36.4
45,36.5
45.5,35.35
44.5,35.5
44.45,34.35
44.3,34.15
44.2,33.45
44.35,33.25
45,33.35
45.1,33.15
45.2,32.4
45.45,33.5
45.55,33.45
46.1,33.1
46,32.35
46.15,31.5
46.35,32.5
46.35,31.25
46.35,30.5
46.1,30.35
45.5,30.1
45.4,29.35
45.1,29.4
44.5,29.3
44.4,29
44.2,28.4
43.55,28.4
43.25,28.35
43.2,28
42.5,27.55
42.3,27.3
45.55,34.25
45.45,34.45
45.25,35
45.15,35.3
45.25,36.5
45.25,36.4
45.2,37.2
45.5,37.45
46.15,38.15
46.25,37.55
46.4,37.4
46.4,38.1
47,38.45
47.5,39.2
47.15,39
47.1,38.25
47.5,37.35
46.45,36.5
46.4,36.5
46.25,35.25
46.5,35
45.55,34.25
44.45,46.4
44.25,46.4
44.15,47.5
43.45,47.25
43.25,47.25
43,47.25
42.3,47.5
42.5,48.15
41.5,48.4
41.25,49
41,49.1
40.35,49.4
40.25,50.15
40.2,49.45
40,49.25
39.3,49.15
39.1,49.1
39.1,48.45
38.35,48.5
38.5,48.55
37.35,49
37.25,49.3
37.2,50.1
37.5,50.2
36.45,51
36.35,51.35
36.45,52.25
36.55,53.1
36.5,53.55
37.1,54
37.5,53.45
38.3,53.45
39.5,54
39.1,53.35
39.35,53.25
40,53.3
40,52.45
40.2,52.4
40.5,52.55
40.4,53.3
40.4,54.1
41,54.45
41.2,54.2
41.4,53.55
42.5,53.4
42,53
41.4,52.4
41.15,52.45
41.45,52.25
42.1,52.2
42.35,52.4
42.5,52.3
42.5,51.5
43.1,51.2
43.4,51.1
44.1,50.45
44.2,50.1
44.35,50.15
44.35,50.55
44.3,51.25
45,51.1
45.2,51.45
45.25,52.3
45.1,53.5
45.15,53.4
45.15,54.15
45.3,53.55
45.55,53.5
46.25,53.4
46.5,53.1
47.1,52.35
47.1,52.5
47.1,51.25
47.15,50.55
46.5,50.1
46.45,49.3
46.35,48.55
46.2,49
46.15,48.3
45.55,48.15
46.5,47.35
45.4,47.2
45.1,47
44.45,46.4
45,58.1
44.3,58.1
44.15,58.2
43.4,58.2
43.4,59
43.4,59.4
43.3,59.5
43.4,60.3
44.1,61.5
44.4,61.5
44.45,61.3
45,61.5
45.2,61.3
45.45,61
46,61
46.25,61.2
46.45,61.4
46.3,61
46.4,60.45
46.3,60.5
46.1,60.5
46.2,59.45
45.55,59.3
45.55,59
45.5,58.4
45.25,58.35
45,58.1
45.35,73.25
45.15,73.5
44.55,74.5
45.4,74.15
46,74.1
46.1,74.45
46.25,75.1
46.35,76
46.25,76.5
46.35,77.2
46.2,78
46.25,78.45
46.45,79.15
46.45,78.45
46.35,78.2
46.4,77.5
46.35,77.2
46.4,76.5
46.45,76.5
46.4,75.15
46.45,74.45
46.25,74.1
46.1,73.4
45.35,73.25
51.35,103.35
51.2,104.3
51.3,105.15
51.4,105.55
52.1,106.15
52.3,107
52.4,107.5
53,108.2
53.3,109
54,109.25
54.3,109.3
55.5,109.4
55.35,109.55
55.45,109.3
55.3,109.15
55.1,109.1
54.45,108.5
54.2,108.3
53.55,108.1
53.3,107.35
53.5,107
52.45,106.35
52.3,106.5
52.1,105.4
51.5,105.15
51.45,104.3
51.35,103.35
61.5,30
60.45,30.35
60.2,30.55
59.55,31.5
59.55,31.3
60.1,31.45
60.1,32.3
60.3,32.5
60.5,32.5
61.1,32.3
61.2,31.5
61.35,31.25
61.35,30.45
61.2,30.1
61.5,30
61.45,34.3
61.3,34.5
61.2,35.3
60.55,35.3
60.55,36
61.5,36.25
61.25,36.25
61.4,36
62,35.45
62.25,35.5
62.4,35.15
62.5,34.3
62.35,34.5
62.3,35.2
62.1,35.2
62.1,34.4
61.45,34.3
-21.55,43.15
-22.2,43.15
-22.5,43.2
-23.15,43.35
-23.55,43.4
-24.3,43.45
-25,44.1
-25.2,44.35
-25.35,45
-25.3,45.3
-25.15,45.55
-25.5,46.25
-25.1,46.5
-24.4,47.1
-24.15,47.2
-23.45,47.3
-23.25,47.4
-23,47.45
-22.35,47.5
-22.1,47.55
-21.45,48.5
-21.2,48.15
-20.55,48.25
-20.3,48.3
-20.5,48.4
-19.35,48.5
-19.5,49
-18.3,49.15
-18,49.2
-17.25,49.25
-17,49.25
-16.45,49.4
-16.2,49.45
-15.3,49.4
-15.55,50.5
-15.25,50.25
-14.55,50.2
-14.1,50.1
-13.35,49.55
-13,49.5
-12.3,49.35
-12,49.15
-12.25,48.5
-12.55,48.5
-13.2,48.45
-13.3,48.2
-13.35,47.5
-14.5,47.55
-14.2,47.35
-14.45,47.4
-14.45,47.15
-15.15,46.5
-15.3,46.25
-15.45,45.55
-15.55,45.25
-16.1,44.55
-16.1,44.3
-16.55,44.15
-17.25,43.55
-18,44
-18.35,44.15
-19,44.15
-19.35,44.3
-20,44.25
-20.3,44.5
-20.55,43.55
-21.2,43.35
-21.55,43.15
-21,55.1
-21.2,55.2
-21.2,55.45
-21.1,55.5
-20.55,55.35
-21,55.1
-20.3,57.2
-20.3,57.45
-20.1,57.45
-20,57.3
-20.3,57.2
-46.56,37.4
-46.26,51.42
-4.37,55.27
-6.4,71.24
4.1,73.3
12.25,53.2
12.15,53.4
12.15,54.5
12.3,54.35
12.35,54.1
12.4,53.4
12.25,53.2
-6.1,39.2
-48.5,68.5
-49.15,69.1
-49.4,68.55
-49.3,69.3
-49.4,69.5
-49.25,70
-49.25,70.25
-49.5,70.35
-49.1,70
-49.15,69.4
-49,69.2
-48.4,69
-48.5,68.5
-53.12,73.34
-38.43,77.31
-37.5,77.32
13.2,92.55
12.35,92.5
11.5,92.4
10.4,92.3
7.5,93.45
2.45,95.55
2.25,96.3
1.2,97.15
1,97.35
0.35,98
1,98
1.3,97.3
1.2,97.15
-1,98.45
-1.3,98.5
-1.45,99.5
-1.4,99.25
-0.55,99
-1,98.45
-5.22,102.2
-10.25,105.43
8.5,79.45
7.3,79.45
7.5,79.5
6.25,80
6,80.15
6,80.4
6.1,81.15
6.3,81.4
7,81.5
7.35,81.5
8,81.3
8.3,81.15
9,80.55
9.3,80.35
9.5,80
9.25,80.1
9,79.55
8.3,79.5
8.5,79.45
19.2,108.4
18.55,108.4
18.3,108.45
18.15,109.15
18.15,109.4
18.3,110.1
18.5,110.3
19.2,110.4
19.4,111
20,111
20,110.3
20,110
19.55,109.35
19.35,109.5
19.2,108.4
23.4,120.1
23.1,120.1
22.35,120.2
22.25,120.4
22,120.5
22.35,121
23,121.2
23.3,121.3
24.5,121.4
24.35,121.55
25.5,121.55
25.15,121.35
25,121.5
24.35,120.45
24.1,120.3
23.4,120.1
33.15,129.3
32.45,129.45
32.45,130.1
33.5,130.15
32.45,130.3
32.2,130.3
32.5,130.1
31.4,130.1
31.15,130.1
31.5,130.45
31.25,131.2
31.55,131.25
32.25,131.4
32.5,131.55
33.15,131.4
33.4,131.35
33.4,131.5
33.55,130.55
33.5,130.25
33.3,130
33.15,129.3
33.25,132.15
32.55,132.25
32.45,132.55
33.5,133.5
33.2,133.15
33.3,133.45
33.15,134.5
33.35,134.2
33.5,134.4
34.1,134.35
34.2,134.5
34.15,133.35
33.55,133.2
34,132.5
33.4,132.4
33.25,132.15
34.2,130.55
33.55,130.55
34,131.3
33.55,132
34.15,132.2
34.2,132.55
34.3,133.3
34.35,133.55
34.5,134.3
34.45,134.55
34.45,135.3
34.2,135.1
33.55,135.1
33.3,135.25
33.25,135.45
33.55,136.1
34.2,136.45
34.4,136.3
35,136.45
34.35,137.15
34.35,138.5
35.5,138.4
34.35,138.5
35.15,139.5
35.15,139.35
35.3,139.5
34.55,139.45
35.1,140.2
35.3,140.25
35.45,140.45
36.1,140.35
36.45,140.4
37,140.55
37.35,141
38.5,140.55
38.2,141.5
38.2,141.3
38.45,141.3
39.5,141.5
39.4,141.55
40.1,141.45
40.35,141.25
41,141.2
41.2,141.25
41.3,140.5
41.1,140.45
41.1,141.5
40.55,141.5
40.55,140.4
41.1,140.2
40.4,140
40.2,140
39.55,140
39.25,140
39,139.5
38.35,139.3
38.5,139.2
37.5,138.5
37.25,138.35
37.1,138.1
37,137.35
36.45,137
37.5,137
37.3,137.1
37.15,136.45
36.5,136.4
36.25,136.2
36.5,136
35.4,136
35.3,135.4
35.45,135.15
35.4,134.4
35.35,134
35.3,133.15
35.3,132.45
35.5,132.2
34.45,131.5
34.3,131.25
34.2,130.55
42.35,139.5
42.15,139.45
42,140
41.25,140
41.4,140.3
41.5,141.5
42.5,140.4
42.15,140.15
42.3,140.2
42.3,140.4
42.2,140.55
42.3,141.2
42.35,141.5
42.15,142.3
42,143.15
42.2,143.2
42.4,143.4
43,144.1
42.55,144.45
43.1,145.2
43.25,145.5
43.2,145.15
43.35,145.15
43.45,145
44.15,145.2
43.55,144.4
44,144.1
44.1,143.35
44.3,143
44.45,142.4
45.1,142.2
45.3,141.55
45.15,141.3
44.45,141.45
44.2,141.4
44,141.35
43.45,141.15
43.25,141.2
43.1,141.15
43.1,140.45
43.15,140.2
42.55,140.25
42.35,139.5
24.18,123.5
24.44,125.26
26.5,127.45
26.25,127.5
26.35,128.1
26.5,128.15
28.1,129.2
28.25,129.4
30.2,130.3
33.5,139.51
32.27,139.46
30.29,140.19
27.5,142.12
26.39,142.9
24.47,141.19
43.5,145.3
44.5,145.5
44.2,146.1
44.25,146.55
44.45,147.3
45.5,148.1
45.3,148.5
45.15,148.2
45.2,147.55
45,147.25
44.25,146.55
45.4,149.3
45.45,149.5
46.15,150.3
46.5,150
45.4,149.3
46.5,151.45
47.1,152.1
48.8,153.8
49.3,154.4
50.16,155.1
50,155.1
50.12,155.5
50.3,156.5
50.45,156.5
50.25,155.4
50.16,155.1
54.5,137.15
54.35,137.35
55,138.5
55.1,137.3
54.5,137.15
58.3,163.2
58.55,164.25
59.1,164.15
59,163.4
58.3,163.2
53.2,141.45
52.45,141.5
52.15,141.4
51.45,141.4
51.25,142
51,142.5
50.3,142
50,142.5
49.3,142.5
49.5,142
48.45,141.5
48.3,142
48,142.1
47.35,142
47,142
46.35,141.45
45.55,142
46.25,142.15
46.4,142.35
46.35,143
46.15,143.25
46.45,143.25
46.55,143.5
47.15,143
47.3,142.4
47.5,142.3
48.2,142.35
48.45,142.5
49.5,142.55
49.2,143.15
49.2,143.45
49.5,144.2
49.3,144.1
50,143.55
50.3,143.4
51,143.3
51.3,143.2
52,143.5
52.3,143.1
53,143.1
53.3,143
54,142.55
54.2,142.4
54.15,142.15
53.5,142.3
53.35,142.15
53.2,141.45
71.32,180
71.7,178.4
70.5,178.5
71,180
71,-180
70.54,-179.1
71.1,-177.25
71.32,-178.15
71.32,-180
73.3,140.35
73.15,141.35
73.1,143.3
73.3,143.3
73.55,142.15
73.5,141
73.3,140.35
74.15,140.1
73.55,140.2
74,141
74.15,141
74.15,140.1
75.35,146.3
75.5,147.15
74.45,149.15
74.45,150.3
75.1,151
75.2,149.15
75.25,147.2
75.35,146.3
75.15,137.1
74.45,138.5
74.4,139.15
74.5,140.3
75,142
74.5,142.5
75.5,144
75.25,145
75.4,145
75.5,144
75.5,143.15
76.1,142
75.45,141
76.1,139
75.55,137.3
75.15,137.1
77.55,99.2
78.1,101
78.1,103.1
78.2,105
78.5,105
79.1,103.55
79.25,102.2
79.15,101.15
78.5,100.35
78.2,99.5
77.55,99.2
80.5,91.1
79.4,91.5
79.3,93.5
79.5,94.4
78.55,96.45
78.45,98.2
78.5,99.5
79.15,99.3
79.4,100.1
80,99.15
80.1,97.35
80.3,97
80.45,97.3
81,96.25
81.15,95.35
80.55,93.1
80.3,92.4
80.5,91.1
71.35,51.4
71.1,52.5
70.5,53.5
70.4,55.2
70.35,56.55
70.45,57.4
71.5,56.2
71.3,55.45
72,55.3
72.3,55.35
72.55,56.1
73.2,57
73.45,57.5
74.1,58.4
74.35,59.5
75,60.45
75.2,62.15
75.4,63.5
75.5,65.3
76.5,67.15
76.2,68.5
76.5,69.5
77,67.45
76.45,66
76.25,65.1
76.15,63.1
76.15,61.1
75.55,59.15
75.35,58.1
75.2,57.3
75.5,55.45
74.45,55.45
74.1,54.55
73.45,53.5
73.25,54.2
73.1,53.15
72.4,52.3
72.2,52.45
72.5,51.4
71.35,51.4
68.45,48.45
68.55,50
69.15,50.2
69.35,49.1
69.15,48.3
68.45,48.45
80.7,56
80.7,57.45
80.25,59.15
80.2,61.3
80.28,62.2
80.55,62.2
80.5,63.5
81,65.15
81.25,64.35
81.1,62.5
80.55,62.2
80.47,59.4
80.25,59.15
80.27,57.2
80.7,56
80.48,54.15
80.38,56.2
80.48,58.3
81,57.4
81.2,58.5
81.45,58.3
81.25,56.3
81.2,56.3
81.2,54.5
80.48,54.15
80.15,53.1
80.17,55
80.3,54
80.15,53.1
80.33,44.3
80.25,45.4
80.25,47
80.1,47
80.3,48.25
80.7,50
80.24,50
80.4,51.1
80.47,50.2
80.33,48
80.45,48
80.54,47
80.33,44.3
79.45,11
79.2,11
78.42,11.4
78.13,13.1
78.13,15.5
77.57,13.4
77.3,14
77.1,15.1
76.3,17
77,17.2
77.3,18.5
78.2,18.55
78.25,19
78.38,20.15
78.11,20.4
77.55,21.4
77.25,20.5
77.15,22.4
77.45,24.5
78.5,23.1
78.25,22.1
78.5,21.3
79.1,19
79.42,18.45
79.2,20.55
79.1,23.5
79.25,25.4
79.52,27
80.1,27
80.15,24.5
80.25,23
80.1,21
80.3,20
80.15,18
79.55,18
80.2,16.2
79.4,15.3
79.5,13.5
79.45,11
62.5,-7.25
62,-6.55
62.22,-6.2
62.18,-7.15
62.5,-7.25
61.48,-6.5
61.3,-6.55
60.14,-1.33
60.25,-1.15
60,-1.15
60.32,-1.25
60.38,-1.5
58.5,-3.2
59.1,-3.15
58.56,-2.45
59.13,-2.45
57.35,-7.15
58,-6.25
58.3,-6.1
58.1,-7
57.5,-7
57.35,-7.15
57.1,-7.2
55.28,9.45
55.3,10.5
55.3,10.42
55.22,10.45
55.35,10.17
55.28,9.45
55.42,11.5
55.12,11.15
55.8,11.5
55.17,12.25
55.28,12.1
55.42,12.35
56.6,12.25
55.54,11.45
55.42,11.5
54.5,11
54.35,11.2
54.4,11.5
54.5,12.5
54.55,11.35
54.5,11
55.5,14.5
57.3,18.5
57.5,18.15
57.17,18.45
57.42,18.45
57.56,19.1
57.47,18.25
57.3,18.5
60.15,19.5
58.2,21.5
58.6,22.1
58.18,22.4
58.3,23.1
58.37,22.2
58.2,21.5
58.53,22.2
58.43,22.25
58.5,23
59.5,22.3
58.53,22.2
50.5,-5.35
50,-5.5
50.2,-4.3
50.1,-3.4
50.35,-3.3
50.4,-2.5
50.3,-2.5
50.45,-1.25
50.4,-0.4
50.4,0.5
50.5,0.55
51.15,1.25
51.2,0.35
51.45,1
52,1.35
52.25,1.5
52.45,1.35
52.55,1
52.55,0.35
52.4,0.15
52.5,0
53.5,0.2
53.25,0.1
53.4,-0.5
54,-0.15
54.25,-0.3
54.35,-1.1
55,-1.3
55.3,-1.4
55.5,-2
56,-2.4
56,-3.2
56.15,-2.5
56.35,-2.25
57,-2.5
57.2,-1.5
57.4,-1.55
57.4,-2.45
57.4,-3.25
57.35,-4.1
58,-3.5
58.2,-3
58.35,-3.1
58.3,-4.5
58.3,-5
58.5,-5.2
57.45,-5.45
57.25,-5.5
57.35,-6.2
57.25,-6.4
57.1,-6.15
57.1,-5.35
56.4,-6
56.2,-6
56.3,-5.25
56.5,-5.3
55.45,-6.1
55.45,-5.35
55.25,-5.35
55.5,-5.5
55.3,-4.4
54.55,-5.5
54.35,-4.45
54.45,-4
54.55,-3.15
54.3,-3.35
54.1,-3.1
54.1,-2.4
53.45,-3
53.2,-3
53.15,-3.35
53.2,-4.3
53.5,-4.2
52.45,-4.4
52.45,-4.5
52.15,-4.5
52.5,-4.35
51.5,-5.1
51.35,-5
51.4,-4.2
51.35,-3.5
51.2,-3.2
51.35,-2.4
51.1,-3
51.1,-3.3
51.1,-4.5
50.45,-4.3
50.25,-5
50.5,-5.35
52.1,-10.2
51.45,-10.5
51.3,-9.35
51.35,-8.45
51.45,-8
52.5,-7.15
52.1,-6.2
52.35,-6.1
53,-6
53.3,-6.5
53.55,-6.15
54.15,-5.35
54.45,-5.45
55.5,-6.5
55.1,-6.45
55.15,-7.3
55.5,-8.15
54.4,-8.4
54.3,-8.1
54.15,-8.3
54.15,-9.5
54.15,-9.45
53.55,-10
53.45,-9.3
53.3,-10
53.1,-9.3
53.1,-9
52.4,-9.3
52.1,-9.45
52.1,-10.2
42.3,8.4
42.5,8.35
41.45,8.4
41.2,9.1
41.5,9.2
42.1,9.3
42.3,9.25
43,9.25
42.4,9.1
42.3,8.4
40.55,8.1
40.35,8.1
40.1,8.25
39.4,8.25
39.1,8.2
38.5,8.45
39.1,9.5
39.1,9.3
39.35,9.4
40,9.45
40.25,9.45
40.5,9.4
41.15,9.15
40.55,8.45
40.5,8.25
40.55,8.1
37.55,12.2
37.3,12.4
37.3,13
37.1,13.4
37.5,14.1
36.45,14.3
36.4,15.1
37,15.2
37.2,15.1
37.5,15.2
38.15,15.4
38.5,15
38,14.15
38,13.4
38.1,13.15
38.1,12.45
37.55,12.2
37.45,21.5
37.25,21.35
37,21.3
36.45,21.4
36.45,22.5
36.25,22.2
36.45,22.4
36.25,23.5
37,22.5
37.25,22.4
37.2,23.1
37.5,22.5
38.5,22.2
38.15,21.5
38.5,21.2
37.45,21.5
35.1,23.3
35.1,24
35.5,24.3
34.54,24.5
34.56,25.3
34.58,26.1
35.15,26.15
35.5,25.45
35.2,25.45
35.18,25.1
35.25,24.45
35.2,24.15
35.3,24.1
35.35,23.35
35.1,23.3
35,32.15
34.4,32.25
34.35,33
34.42,33.3
34.55,33.4
34.55,34.5
35.1,33.55
35.35,34.3
35.25,33.55
35.2,33.25
35.15,33
35.5,32.45
35,32.15
39,1.2
39.35,2.15
39.3,2.44
39.16,3.5
39.4,3.25
39.55,2.55
39.35,2.15
39.58,4.5
42.45,10.2
36.48,12
35.53,14.3
35.3,27.1
36.1,27.4
35.53,27.45
36.5,28.5
36.27,28.15
36.1,27.4
38.12,20.35
37.45,20.45
36.4,24.28
36.2,25.23
37,25.25
37.33,25.5
39.5,25.7
39.13,26
39.18,26.15
39.3,26.15
38.3,26
38.15,26
37.45,26.45
39.24,-31.1
38.34,-28.4
38.24,-28.1
38.44,-27.12
37.48,-25.5
37.48,-25.1
32.44,-17
28.4,-17.5
28.2,-16.5
28,-16.35
28.1,-16.2
28.35,-16.1
28.23,-16.3
28.2,-16.5
28,-15.48
27.45,-15.4
27.5,-15.2
28.5,-15.22
28.1,-15.4
28,-15.48
28.5,-14.15
28.15,-13.5
28.5,-13.5
28.55,-13.3
29.1,-13.25
29.5,-13.4
28.5,-13.5
28.2,-14.15
28.5,-14.15
17.2,-25.1
16.2,-22.5
15,-23.38
0.1,6.35
3.2,8.3
3.15,8.45
3.35,8.55
3.45,8.4
3.2,8.3
-34.1,115.1
-34.2,115.4
-34.5,116.5
-35,116.4
-35,117.1
-35,117.45
-35,118.2
-34.45,118.35
-34.25,119
-34.25,119.25
-34,119.45
-33.55,120.5
-33.5,120.45
-33.5,121.2
-33.5,121.55
-33.5,122.35
-33.5,123.5
-33.5,123.35
-33.3,124
-33,124.5
-32.5,124.45
-32.4,125.15
-32.2,125.5
-32.1,126.15
-32.15,126.55
-32.1,127.3
-32.5,128
-31.5,128.35
-31.4,129.5
-31.35,129.4
-31.35,130.2
-31.35,130.5
-31.35,131.2
-31.45,131.5
-32,132.15
-32,132.5
-32.1,133.25
-32.2,133.55
-32.35,134.2
-33,134.1
-33.15,134.5
-33.45,135
-34.1,135.15
-34.35,135.25
-35,135.4
-34.35,135.55
-34.15,136.2
-33.55,136.45
-33.4,137.15
-33.1,137.3
-32.5,137.5
-33.35,137.55
-34,137.35
-34.3,137.3
-34.5,137.25
-35,137
-35.15,136.55
-35.1,137.2
-35.1,137.45
-34.45,137.55
-34.15,138.5
-34.4,138.25
-35,138.35
-35.25,138.25
-35.4,138.1
-35.35,138.5
-35.55,139.2
-36.2,139.4
-36.45,139.55
-37,139.45
-37.2,139.55
-37.4,140.15
-38,140.4
-38.5,141.1
-38.25,141.25
-38.15,141.45
-38.2,142.15
-38.25,142.4
-38.4,143.5
-38.5,143.3
-38.3,144
-38.15,144.25
-37.5,144.5
-38.25,145
-38.15,145.3
-38.4,145.35
-38.55,146
-39.1,146.25
-38.4,146.5
-38.25,147.15
-38.5,147.5
-37.55,148.1
-37.5,148.45
-37.5,149.25
-37.35,149.55
-37.1,150
-36.45,150
-36.15,150.1
-35.45,150.15
-35.15,150.35
-34.55,150.5
-34.2,151.5
-33.5,151.2
-33.25,151.3
-33,151.5
-32.45,152.15
-32.2,152.3
-31.55,152.45
-31.3,152.55
-31,153.5
-30.35,153.5
-30,153.2
-29.3,153.25
-29,153.3
-28.4,153.4
-28.1,153.3
-27.35,153.2
-27.5,153.1
-26.3,153.5
-26.5,153.5
-25.3,152.5
-25.5,152.35
-24.35,152.1
-24.5,151.5
-23.55,151.2
-23.35,151
-23.1,150.5
-22.4,150.5
-22.25,150.25
-22.5,150
-22.25,149.45
-21.55,149.3
-21.25,149.2
-21.5,149.1
-20.5,148.5
-20.25,148.5
-20.1,148.2
-19.5,147.5
-19.25,147.3
-19.2,147
-19,146.25
-18.4,146.2
-18.2,146.5
-17.5,146.1
-17.2,146.5
-17,145.5
-16.35,145.3
-16,145.3
-15.3,145.2
-15,145.2
-14.4,144.55
-14.2,144.35
-14.3,144.5
-14.2,143.45
-13.45,143.35
-13.15,143.35
-12.4,143.2
-12.1,143.5
-11.4,142.55
-11.5,142.5
-10.5,142.25
-11.15,142.5
-11.5,142.5
-12.1,141.45
-12.4,141.45
-13,141.45
-13.35,141.4
-14.5,141.35
-14.35,141.35
-15.5,141.4
-15.35,141.35
-16.5,141.3
-16.35,141.15
-17,141
-17.3,141
-17.45,140.3
-17.5,140
-17.25,139.25
-17,139.1
-16.5,138.4
-16.35,138.5
-16.2,137.45
-16,137.2
-16,136.35
-15.3,136.25
-15.2,136
-15,135.35
-14.35,135.45
-14.15,136
-13.5,136
-13.2,136
-13.2,136.35
-12.5,136.4
-12.25,137
-12.5,136.3
-12.35,136.5
-12.1,135.5
-12.2,135.15
-12.1,134.4
-12,134.5
-11.55,133.3
-11.35,133
-11.25,132.2
-11.5,132.4
-12.2,132.25
-12.2,131.45
-12.2,131.5
-12.45,130.3
-13.1,130.15
-13.35,130.25
-13.4,129.55
-14.5,129.45
-14.3,129.2
-14.5,129.5
-15.15,129.4
-14.55,129.5
-14.55,128.4
-15.15,128.1
-14.45,128.1
-14.25,127.5
-14,127.25
-13.55,126.5
-14.15,126.35
-14.2,126.5
-14.4,125.55
-14.4,125.15
-15.5,125.1
-15.3,124.4
-16,124.35
-16.25,124.2
-16.1,123.45
-16.4,123.35
-17,123.55
-17.3,123.3
-17.5,123.15
-16.3,123
-17,122.35
-17.25,122.1
-17.5,122.15
-18.1,122.2
-18.35,121.55
-19.5,121.4
-19.25,121.2
-19.45,120.55
-19.5,120.2
-20,119.45
-20,119.1
-20.2,118.45
-20.2,118.15
-20.4,117.45
-20.4,117.15
-20.4,116.45
-20.5,116.15
-21.5,115.5
-21.3,115.3
-21.4,115.5
-21.55,114.35
-22.2,114.2
-21.5,114.5
-22.15,113.5
-22.4,113.4
-23.5,113.5
-23.3,113.5
-23.55,113.25
-24.25,113.3
-25,113.4
-25.25,113.55
-25.5,114.1
-26.25,114.1
-26.5,113.45
-25.4,113.3
-26.35,113.5
-26.1,113.2
-26.4,113.3
-27,113.55
-27.4,114.1
-28.5,114.1
-28.35,114.35
-29.5,114.55
-29.3,115
-30,115
-30.3,115.1
-31,115.25
-31.25,115.35
-31.45,115.5
-32.2,115.5
-32.55,115.45
-33.15,115.5
-33.3,115.35
-33.35,115.1
-34.1,115.1
-11.5,130.5
-11.5,130.4
-12,131
-11.35,131.3
-11.2,131.2
-11.3,130.45
-11.2,130.2
-11.5,130.5
-35.55,136.35
-36.1,136.5
-36.1,137.35
-35.55,138.5
-35.4,137.25
-35.45,136.5
-35.55,136.35
-40.4,144.5
-41.1,144.5
-41.45,145
-42.1,145.15
-42.3,145.2
-42.55,145.3
-43.15,145.45
-43.3,146.15
-43.35,146.5
-43.1,147.1
-42.5,147.3
-43.5,147.55
-42.35,148
-42.1,148.1
-42,148.2
-41.3,148.2
-41,148.2
-40.5,148
-41,147.2
-41.1,146.45
-41.1,146.1
-40.5,145.3
-40.4,144.5
-39.2,173.45
-39.4,174.15
-39.5,174.4
-40,175.5
-40.2,175.15
-40.55,175.5
-41.2,174.5
-41.35,175.15
-41.25,175.5
-41,176.1
-40.4,176.25
-40.15,176.45
-39.45,177
-39.3,176.55
-39.15,177.5
-39.5,177.3
-39.5,177.55
-38.45,178
-38.35,178.2
-38.1,178.2
-37.4,178.3
-37.3,178.5
-37.45,177.45
-38,177.15
-37.5,176.4
-37.4,176.5
-37.15,175.55
-36.45,175.5
-36.35,175.25
-37.15,175.3
-37,175.15
-37,174.55
-36.25,174.5
-36.5,174.35
-35.45,174.35
-35.25,174.2
-35.5,174
-35,173.2
-34.3,172.5
-34.55,173.5
-35.2,173.1
-35.4,173.3
-36.5,173.5
-36.3,174.1
-36.55,174.25
-37,174.55
-37.15,174.4
-37.35,174.5
-38,174.55
-38.25,174.4
-38.55,174.35
-39.5,174.5
-39.2,173.45
-45.55,166.3
-46.1,166.45
-46.15,167.15
-46.1,167.35
-46.25,167.5
-46.3,168.2
-46.4,169
-46.3,169.4
-46.15,170.1
-45.55,170.35
-45.3,170.55
-45.5,171.5
-44.4,171.15
-44.2,171.25
-44.5,172
-43.45,172.25
-43.45,173.5
-43.3,172.45
-43.1,172.5
-43,173.15
-42.35,173.35
-42.1,174
-41.5,174.2
-41.2,174.2
-41.15,173.55
-40.55,173.5
-41.1,173.3
-41.2,173.1
-40.55,173.5
-40.4,172.35
-40.55,172.1
-41.2,172.1
-41.4,172
-41.5,171.3
-42.15,171.2
-42.4,171.5
-43,170.3
-43.2,170
-43.4,169.3
-44,168.5
-44.5,168.2
-44.25,167.55
-44.45,167.35
-45.5,167.5
-45.25,166.5
-45.55,166.3
-47.2,167.35
-47,168.15
-46.4,168
-47.2,167.35
5.4,95.2
5.1,95.25
4.45,95.4
4.2,96.5
3.5,96.35
3.45,96.55
3.2,97.15
2.55,97.4
2.25,97.5
2.1,98.2
1.5,98.5
1.3,98.5
1,99.5
0.2,99.15
0.5,99.5
-0.15,100
-0.4,100.25
-1.5,100.3
-1.4,100.5
-2.5,100.55
-2.35,101.2
-3.1,101.45
-3.3,102.15
-3.5,102.25
-4.15,102.5
-4.45,103.3
-5.5,104
-5.35,104.25
-5.45,104.45
-5.3,104.55
-5.3,105.2
-5.45,105.45
-5.15,105.5
-4.4,105.55
-4.1,105.55
-3.3,105.55
-3,106.1
-2.4,105.55
-2.2,105.35
-2.2,105.5
-1.55,104.55
-1.4,104.35
-1,104.25
-1,103.5
-0.4,103.3
-0.15,103.45
0.1,103.5
0.35,103.25
0.35,103
1.5,103.5
1.1,102.4
1.4,102.15
1.45,101.45
2.15,101.15
2.1,100.45
2.4,100.2
3.1,100
3.3,99.3
3.45,99
4.5,98.35
4.3,98.15
4.55,98
5.15,97.35
5.2,96.55
5.2,96.2
5.4,95.55
5.4,95.2
-6.4,105.3
-6.45,106
-7,106.35
-7.15,106.3
-7.2,107
-7.25,107.35
-7.4,108
-7.45,108.35
-7.4,109
-7.4,109.35
-7.45,110
-8,110.3
-8.5,111
-8.1,111.3
-8.1,112
-8.2,112.3
-8.1,113.5
-8.2,113.35
-8.3,114
-8.35,114.25
-8.1,114.25
-7.4,114.25
-7.35,113.55
-7.4,113.25
-7.3,112.5
-7.5,112.45
-6.5,112.25
-6.45,111.55
-6.35,111.2
-6.2,110.5
-6.5,110.3
-6.5,110.5
-6.45,109.35
-6.45,109.5
-6.4,108.4
-6.15,108.25
-6.1,107.55
-5.55,107.25
-5.5,107.5
-6,106.4
-5.5,106.5
-6.2,105.5
-6.4,105.3
-8.1,114.25
-8.2,114.5
-8.4,115.1
-8.15,115.4
-8,115.15
-8.1,114.25
-8.55,116
-8.55,116.3
-9.5,117.1
-9,117.4
-8.5,118.5
-8.45,118.3
-8.4,119
-8.35,119.3
-8.45,120
-8.45,120.3
-8.5,121
-8.45,121.3
-8.5,122
-8.4,122.25
-8.3,123
-8.2,123.4
-8.1,122.55
-8.4,122.25
-8.25,122
-8.3,121.3
-8.2,121
-8.1,120.3
-8.2,120
-8.35,119.3
-8.15,119
-8.15,118.25
-8.5,117.45
-8.3,118
-8.25,117.35
-8.25,117
-8.15,116.3
-8.25,116.5
-8.55,116
-8.25,124.2
-8.15,125.1
-8.5,124.3
-8.25,124.2
-7.55,125.5
-7.55,126.25
-7.3,126.4
-7.35,126
-7.55,125.5
-9.25,119
-9.45,119.1
-9.45,119.4
-9.55,120
-10.15,120.25
-10,120.55
-9.35,120.3
-9.2,120
-9.2,119.3
-9.25,119
-10.2,123.3
-10.15,124
-10.5,124.3
-9.35,124.55
-9.15,125.25
-9.5,125.55
-8.55,126.25
-8.4,126.55
-8.2,127.15
-8.2,126.45
-8.25,126.15
-8.3,125.4
-8.4,125.5
-9,124.5
-9.1,124.2
-9.2,123.55
-9.4,123.4
-10.2,123.3
-7.55,131.1
-7.35,131.35
-7.5,131.35
-7.25,131.15
-7.55,131.1
-6.55,134.5
-6.3,134.3
-5.55,134.4
-5.25,134.3
-5.5,134.15
-6.2,134.5
-6.55,134.5
4,108.15
1.1,104.3
-1.55,105.15
-2,105.45
-2.15,106
-2.4,105.55
-3,106.4
-2.3,106.45
-2.25,106.25
-2,106.15
-1.3,106
-1.35,105.3
-1.55,105.15
-3.5,107.4
-3.1,108.5
-2.4,108.2
-2.3,107.45
-3.5,107.4
-7,113
-7,113.3
-7,114
1,108.55
0.25,109
0.5,109.15
-0.25,109.15
-0.45,109.45
-1.15,110.5
-1.45,110.5
-2.2,110.15
-2.55,110.2
-3,110.55
-2.55,111.25
-2.45,111.45
-3.3,111.5
-3.2,112.2
-3.2,112.5
-3.5,113.15
-3.25,113.5
-3.2,114.2
-3.4,114.4
-4.5,114.45
-3.55,115.1
-3.4,115.4
-3.25,116.1
-2.55,116.2
-2.15,116.4
-1.45,116.2
-1.2,116.45
-1,117.1
-0.35,117.25
0,117.3
0.3,117.4
0.5,117.55
0.5,118.25
0.55,119
1.15,118.4
1.35,118.15
2,117.5
2.2,118.5
2.45,117.45
3.15,117.3
3.4,117.5
4.15,117.55
4.25,118.35
4.5,118.15
5,118.45
5.1,119.15
5.25,118.45
5.45,118.15
5.55,117.45
6.25,117.45
6.45,117.15
7,117
6.35,116.4
6.15,116.1
5.5,116
5.2,115.25
4.55,115.25
4.55,114.45
4.4,114.15
4.5,113.45
3.45,113.2
3.2,113.5
3,112.35
2.55,112
2.5,111.3
2.15,111.2
1.35,111.5
1.4,110.35
1.45,110
2,109.3
1.35,109.5
1,108.55
-2.5,118.5
-3.3,119
-3.3,119.3
-4,119.4
-4.35,119.35
-5.1,119.25
-5.35,119.3
-5.35,119.55
-5.3,120.25
-5,120.2
-4.3,120.25
-4,120.25
-3.3,120.25
-3,120.15
-2.4,120.4
-2.4,121.5
-3,121.5
-3.25,120.55
-3.5,121.1
-4.5,121.4
-4.4,121.35
-4.5,122
-4.35,122.2
-5.2,122.2
-5.4,122.4
-5.2,123.1
-4.45,123.1
-4.2,122.5
-3.5,122.3
-3.3,122.5
-3.1,122.25
-2.45,122.1
-2.25,121.55
-1.55,121.3
-1.4,122.5
-1.2,122.3
-0.55,122.55
-0.55,123.3
-0.35,123.1
-0.45,122.35
-0.55,122.5
-0.55,121.35
-1.2,121.1
-1.2,120.4
-0.55,120.35
-0.4,120.5
-0.5,120.5
0.25,120.2
0.3,120.4
0.25,121
0.3,121.25
0.3,122
0.3,122.3
0.3,123
0.2,123.3
0.25,124
0.35,124.35
1.5,125
1.3,125.15
1.45,125
1.3,124.45
1.1,124.25
0.55,123.55
0.55,123.2
0.5,122.55
1,122.3
1.5,122
1.1,121.25
1.2,120.55
0.45,120.4
0.45,120
0.25,119.55
-0.5,119.5
-0.35,119.5
-0.55,119.3
-1.2,119.2
-1.55,119.2
-2.25,119.1
-2.5,118.5
1.5,127.2
0.4,127.35
0.15,127.4
-0.1,127.35
-0.35,127.55
-0.55,128.25
-0.25,128
0,127.55
0.3,128
0.3,128.3
0.5,128.15
1.5,128.4
1.35,128.4
1.2,128.5
1.45,127.5
2.1,128
1.55,127.35
1.3,127.3
1.5,127.2
-3.15,126
-3.4,126.2
-3.5,126.5
-3.35,127.1
-3.1,127
-3.5,126.3
-3.15,126
-3.1,127.55
-3.25,128.3
-3.2,128.55
-3.25,129.25
-3.35,130.15
-3.5,130.45
-3.25,130.45
-3,130.25
-3,129.55
-2.45,129.3
-2.5,128.55
-2.5,128.15
-3.1,127.55
-1.45,124.3
-1.45,125.15
-1.4,127.2
-1.4,128.1
-1.2,127.35
-1.4,127.2
-1.5,130.1
-0.1,130.2
-0.25,130.45
-0.15,131.15
0,130.45
-0.1,130.2
-0.4,135.2
-1.1,135.5
-1.5,136.15
-0.4,135.55
-0.4,135.2
-1.2,130.5
-1.3,131.25
-1.35,131.5
-2,131.5
-2.15,132.15
-2.15,132.45
-2.1,133.15
-2,133.5
-2.3,133.4
-2.3,133.5
-2.45,132.4
-2.4,132.1
-2.5,131.55
-2.55,132.15
-3.15,132.4
-3.35,132.45
-4,132.5
-4,133.15
-3.3,133.4
-3.5,134.5
-4.5,134.35
-4.2,135
-4.25,135.35
-4.35,136.1
-4.5,136.45
-5,137.2
-5.15,137.5
-5.35,138.1
-6.1,138.25
-6.45,138.35
-7.15,138.45
-7.2,138.15
-7.45,138
-8.2,137.4
-8.2,138.15
-8.5,138.5
-8.5,139.25
-8,140
-8.2,140.15
-8.4,140.35
-9,141
-9.5,141.3
-9.5,142
-9.15,142.35
-9,143.1
-8.45,143.2
-8.2,143.1
-8.1,143.35
-7.55,143.5
-7.3,144.1
-7.3,144.4
-7.4,145
-7.55,145.35
-8,146
-8.3,146.15
-8.55,146.3
-9.2,147
-9.4,147.25
-10,147.35
-10.5,148.5
-10.1,148.4
-10.15,149.15
-10.2,149.45
-10.4,150
-10.35,150.35
-10.1,150.45
-10.5,150.1
-9.55,149.45
-9.35,150
-9.35,149.35
-9.25,149.5
-9,149.15
-9.5,148.35
-8.35,148.15
-8,148.1
-7.45,147.4
-7.15,147.1
-6.5,147
-6.45,147.25
-6.4,147.5
-6.1,147.5
-5.5,147.25
-5.55,146.5
-5.35,146.15
-5.3,145.45
-4.55,145.45
-4.3,145.25
-4.15,145
-3.55,144.3
-3.4,144
-3.25,143.3
-3.2,143
-3.5,142.25
-2.55,142
-2.45,141.3
-2.35,141
-2.2,140.25
-2.2,140
-2.1,139.3
-2,139
-1.4,138.25
-1.25,137.55
-1.4,137.15
-2.5,137
-2.1,136.3
-2.35,136.5
-2.55,135.5
-3.2,135.35
-3.2,135.1
-3,134.45
-2.3,134.35
-2.2,134.1
-1.5,134
-1.2,134.1
-0.4,133.55
-0.4,133.15
-0.2,132.5
-0.2,132.1
-0.4,131.5
-0.5,131.15
-1.2,130.5
16.15,119.5
15.4,119.55
15.15,120
14.45,120.5
14.25,120.35
14.45,120.4
14.3,121
14.1,120.4
13.45,120.4
13.35,121.15
13.55,121.45
13.4,122.1
13.5,122.4
13.3,122.4
13.5,122.35
13.35,123.5
13,123.25
12.5,123.5
12.55,124.1
13.2,123.45
13.4,123.35
13.45,123.55
14,123.2
14.1,122.55
14.1,122.35
13.55,122.15
14.5,121.5
14.35,121.4
15.15,121.25
15.45,121.35
16.1,122
16.35,122.2
17.5,122.3
17.25,122.1
17.55,122.1
18.3,122.2
18.15,121.55
18.2,121.3
18.35,121.5
18.3,120.4
18,120.3
17.35,120.2
17.1,120.3
16.35,120.2
16.5,120.2
16.15,119.5
8.25,117.15
8.45,117.55
9.5,118.1
9.25,118.35
9.55,118.5
10.5,119.1
10.3,119.4
11.15,119.3
10.3,119.1
10,118.45
9.4,118.25
9.15,117.55
8.55,117.3
8.25,117.15
5.1,120
5.55,121.5
13.25,120.25
13,120.45
12.3,120.55
12.1,121.1
12.3,121.35
13,121.35
13.2,121.15
13.25,120.5
13.25,120.25
12.3,124.2
12,124.3
11.45,125
11.2,124.5
11.25,124.25
10.5,124.25
10.45,124.45
10.1,124.45
10.15,125.15
10.4,125
11.5,125
11.5,125.4
11.4,125.3
12.5,125.3
12.3,125.15
12.25,124.45
12.3,124.2
10.3,121.55
10.35,122.3
10.25,122.5
10,122.5
9.45,122.25
9.2,122.4
9,123
9.15,123.2
9.45,123.1
9.35,123.3
9.55,123.45
9.35,124
9.4,124.3
10.5,124.3
10.1,124
10.35,124
11.5,124
10.4,123.5
10.25,123.25
10.5,123.3
10.55,123.5
11.3,123.1
11.3,122.35
11.45,122.3
11.5,121.55
11.25,122.5
10.55,122
10.3,121.55
7.1,122
6.5,122.5
7.15,122.15
7.4,122.3
7.45,122.5
7.2,122.55
7.25,123.15
7.45,123.35
7.35,124
7.2,124.15
7,124
6.25,124
6.1,124.2
5.55,124.45
5.55,125.5
5.35,125.25
6.5,125.45
6.25,125.35
6.45,125.2
7,125.3
7.2,125.45
6.55,126
6.2,126.1
6.5,126.2
7.15,126.35
7.4,126.35
8.15,126.2
8.5,126.2
9.2,126
9.45,125.25
9.5,125.3
8.5,125.1
9,124.5
8.3,124.4
8.25,124.15
8.5,123.55
8.3,123.5
8.4,123.3
8.3,123.5
8.1,122.5
8,122.2
7.45,122.5
7.1,122
-5.3,148.15
-5.45,148.2
-5.5,148.5
-6.1,149.1
-6.15,149.4
-6.15,150.1
-6.15,150.4
-6,151.1
-5.35,151.35
-5.35,152
-5,152.5
-4.4,152.25
-4.1,152.15
-4.1,151.3
-4.55,151.4
-4.55,151.15
-5.3,150.5
-5.3,150.25
-5.3,150
-5.35,149.25
-5.35,148.5
-5.3,148.15
-2.5,146.4
-2.5,147.1
-2.35,150.5
-3,151.25
-3.25,152
-3.3,152.2
-4.1,152.4
-4.5,152.55
-4.2,153.1
-3.55,153
-3.3,152.2
-3.15,152
-3,151.25
-5.25,154.4
-6,154.5
-6.3,155.1
-6.5,155.3
-6.35,156
-6.1,155.35
-5.3,155.5
-5.25,154.4
-6.35,156.2
-7,156.55
-7.15,157.2
-7.45,156.4
-8,157.15
-8.3,157.5
-7.3,158.3
-7.45,158.5
-8.5,159.2
-8.2,159.4
-8.2,160.4
-8.5,160.5
-9.1,161.5
-9.4,161.3
-9.15,159.3
-9.3,159.25
-9.5,159.4
-9.5,160.5
-9.55,160.3
-9.4,160.5
-9.2,160.15
-9.15,159.3
-10.1,161.15
-10.4,161.45
-10.45,162.2
-10.2,162
-10.1,161.15
-10.45,165.55
-14.45,166.45
-15.15,166.5
-15.4,166.5
-15.3,167.2
-15,167.1
-15.15,166.5
-15.55,167.2
-16.3,167.3
-16.25,167.55
-15.55,167.2
-17.4,168.25
-20.15,164.15
-20.5,164.35
-21.15,165
-21.3,165.25
-21.45,165.45
-22,166.1
-22.2,166.4
-22.2,167.1
-22,166.5
-21.4,166.3
-21.3,166
-21.1,165.4
-20.45,165.2
-20.3,164.45
-20.15,164.15
-21,167.2
-21.3,168
-29.2,167.57
-31.33,159.5
-43.46,-176.5
-43.54,-176.3
-44.1,-176.35
-43.48,-176.1
-43.46,-176.5
-50.4,166.1
-49.41,178.48
-52.35,169.5
-54.37,158.54
19.4,145.24
18.46,145.4
17.36,145.5
16.22,145.39
15.1,145.45
15,145.38
14.8,145.9
13.2,144.45
3,131.11
4.2,132.19
5.2,132.13
6.54,134.9
7,134.15
7.3,134.35
9.3,138.8
10,139.4
7.22,151.53
6.59,158.12
5.2,162.58
24.18,153.58
19.17,166.39
11.21,162.2
11.37,165.33
8.43,167.44
9.28,170.14
7.6,171.15
5.55,169.39
3.1,172.46
1.22,172.58
-1.3,175
-0.31,166.56
-0.52,169.35
-5.41,176.9
-8.31,179.13
-18,177.2
-18.1,177.45
-18.1,178.1
-18,178.4
-17.35,178.4
-17.2,178.15
-17.2,177.45
-17.35,177.25
-18,177.2
-16.35,178.35
-16.55,178.45
-16.4,179.2
-16.4,179.55
-16.3,179.4
-16.1,179.5
-16.25,179.1
-16.35,178.35
0.48,-176.38
0.12,-176.29
-3.8,-171.5
-2.49,-171.43
-3.36,-174.8
-4.4,-174.32
-4.31,-172.13
-3.43,-170.43
-8.32,-172.31
-9.12,-171.54
-9.23,-171.15
-13.25,-172.55
-13.45,-172.4
-13.45,-172.8
-14,-171.55
-14,-171.2
-13.5,-171.4
-13.45,-172.8
-13.3,-172.12
-13.25,-172.55
-14.17,-170.4
-19.2,-169.52
-18.39,-173.59
-21.2,-175.8
-21.8,-175.12
-29.16,-177.55
-18.53,-159.46
-21.14,-159.46
-21.55,-157.56
16.45,-169.31
5.53,-162.5
4.43,-160.25
3.54,-159.23
1.59,-157.27
-0.23,-160.1
-4.3,-154.59
-5.37,-155.53
-9,-158.3
-10.3,-161.6
-10.24,-161.3
-10.6,-152.23
-11.25,-151.48
-10,-150.14
-17.28,-149.35
-17.44,-149.3
-17.5,-149.1
-17.32,-149.2
-17.28,-149.35
-16.3,-151.45
-23.23,-149.27
-27.36,-144.19
-15.5,-148.15
-16.2,-145.36
-14.41,-145.11
-16.47,-142.51
-23.7,-134.57
-25.4,-130.5
-24.22,-128.19
-8.56,-140.5
-9.48,-139.1
28.13,-177.24
26.4,-173.58
25.46,-171.44
25,-168
23.47,-166.13
23.35,-164.42
23.4,-161.55
21.5,-160.14
21.59,-160.6
22.2,-159.49
21.54,-159.37
21.54,-159.23
22.13,-159.18
22.13,-159.35
22.2,-159.49
21.35,-158.17
21.18,-158.7
21.18,-157.4
21.43,-157.59
21.35,-158.17
21.8,-157.13
21.8,-156.48
20.5,-156.56
20.57,-156.41
20.47,-156.28
20.34,-156.26
20.37,-156.12
20.44,-155.59
20.58,-156.17
20.54,-156.28
20.57,-156.41
20.33,-156.37
20.16,-155.53
19.57,-155.52
19.46,-156.3
19.21,-155.53
19.5,-155.55
18.56,-155.39
19.8,-155.31
19.16,-155.18
19.2,-155
19.31,-154.48
19.41,-155.1
19.55,-155.8
20.3,-155.22
20.9,-155.38
20.16,-155.53