0111,5850
0112,2601
0113,4542,6392
0114,6714,7384,5314
0115,5025,1412
0117,6819,6895
0119,3536,4717
0130,1596,9696
0131,1031,2301
0132,0538,1305
0133,3036,1713
0134,3541
0135,0918,9096
0136,6809
0137,2371,9855
0138,2225,8242
0139,8095,9320
0141,7667,7606
0142,0141
0143,1727,3001,6392
0144,3146,9829
0145,8495,5505,4893
0146,6682,7780
0148,3274,4963
0149,7698,5187
0150,1469,0231
0151,9658
0152,0446,2437
0153,0918,8702
0154,1328,3385
0155,5494,4708,5241
0156,5498
0157,3730,1302
0158,3877
0159,7776,2354,2684
0160,0159,3100
0161,9860,4733
0162,5355
0163,4160,0219
0165,4409,0949
0167,6455,5850
0170,2221,9886
0171,0170,7472
0172,0847,7677
0173,9670
0175,5768,3960,4272
0176,4967,9978
0177,2198,6027
0179,9872,8164,9183
0183,8393
0186,9627,3544
0190,2601,3196
0191,5239
0192,9105,0362
0193,8104,6874
0194,8809,0036
0195,5486,3276
0196,9789,2009
0197,8721,5972
0199,6809
0200,0199
0201,3293,9841,9205
0202,4012,1950
0203,3344,8058,7374
0204,8066,7034,9696
0205,6072,7588,5463
0206,2727,5989,4142
0207,7208,0918
0208,0209,2113
0209,6066,0208
0211,0877
0212,8229,8860
0213,8573,7677,7608
0215,4850,2092,6991
0216,2817
0217,2360,0799
0218,1799,3540
0219,6937,3794
0220,8721,5972
0222,4390
0224,5625,9718
0225,0227
0226
0227,9671,3521
0229,5803
0230,1125,8052
0231
0232,6682,1265,0231,8152
0234,4263,5856
0235,3637,1134
0236,9829
0238,3069,7357
0239,2044,0666
0240,7169,8980
0241,8573,0213
0242,7819,9886
0243,8468,4036
0244,1972,0466
0245
0246,3673,1441
0247,9607
0248,4675,7208
0249,5607,1495,3421,8747
0250,9387,0993,6932
0251,8068,0006
0252,0630,2608
0253,4594,0253,0253,0253,0253,5159
0255,6563
0256,8160
0257,4015,5903
0261,4015,5599
0263,0534,6187
0264
0265,8201,3556
0266,2932,3729
0267,6098,5835,4397
0268,7608,7621
0269,8206,3538
0270,3829,4910
0271,8813,4276
0272,1119
0273,0274
0274,8197,9872
0275,7667
0276
0277,6465,1656
0279,Z193,Z013
0280,8569,4429
0281,5966,5867,7643
0282,5707,9728
0283,9761,7544
0284,8662,0426
0285,2221,5025,4916
0286,2452,1031
0287,5770,3406
0288,7522,2118
0289,5765,8229
0291,6685,7208
0292,4603,3406
0293,9696
0294,7819
0295,0296,5680
0296,8897,2115
0297,8024,7579,1012
0298,9366,5584
0299,9803
0300,3789,2948
0301,4231,1546
0302,1265,4876
0304,8761,1355,8845
0305,5637,4275,4273,4113,3961
0306,8916,9490
0307,6571,0136
0308,8181
0309,2118,1869,7038
0310,5316,8173
0311,6066
0312,9959
0313,5564,1727,8393
0314,3838
0315,2602
0316,5404,0141
0317,2113,0019
0318,4931,0702
0319,7682,7558,0432
0320,9454,0916
0321,6010
0322,8882,6683
0323
0324,5425
0325,7522
0326,3673
0327,3926,5189,8845
0328,5696,4810
0329,4837
0330,6837,8860,6462,8201,2186
0331,4906
0332,8901,8736,2790,5991
0333,3542,7191
0334,1092,0926,5931
0336,9821,0965,8156
0337,6087,3787
0338,8636,2437,3301
0339,6406,6003
0340,9326
0342,8068,7011
0343,1658,0626
0344,9788,3522
0345,0605,8374,4533,4533,8845,2263
0346,7848
0347,3836
0348,2540,7707
0349,2593,8761
0350,4379,2606
0351,0350
0352,5850,0424,3522
0354,4825,7472
0355,8860,5632
0356,3122,6370
0357,8794
0358,5964
0360,6305,2338
0362,4682,6534
0363,9234,3540
0364,2044,0517
0365,5404,0141
0366,8147
0367,9474,4103,8265,3019
0369,9642
0370,0918,7625
0372,1160,9789
0373,2112,2611
0374,6787,4003,4042
0376,5159,9816
0378,7621,8573,4612
0380,4161,7710,2703
0381,0380
0383,7029,0922
0385,7790,3121,8860
0387,8066
0389,5878,3913,8311
0391,4032,0042
0392,0690,0882
0393,8223,2491,6895
0394,0395,9371
0395,8900,2129,0394
0397,8229,1283
0399,4128,2342
0400,3684,2342,2129,4935
0402,0285,4916
0404,4810,6027
0406,5635,3281
0407,3522,6121,4102
0408,5110,4437
0409,3114,8963
0410,1691,4231
0411
0412,6819,3673
0413,3418,6444
0414,6578,8565,6977
0415,9724,0019
0416,8845,9557
0417,0042,8832,9441
0418,1727,4899
0419
0420,0419,5316,4810,1204
0421,6276
0422,3583,3433
0424,3522,9670
0426,3181,2578,3375,4042
0428,4365
0429,5523,5523
0430,7018,2356
0432,7675,1078,0319,3247
0434,0780,8801
0436,3129,6359
0438,6455,5850
0440,6510,1646
0442,1736,0776
0443,3522,0430
0444,5988,8941,4813
0445,6683,4497
0446,8636,2254
0447,6991,8922
0449,8131,0170,9007
0452,5110,9917
0453,2925,4810
0454,9736
0455,7186
0456,8066,3170
0457,3831,4632
0458,4468
0462,1959,7585
0464,6526,7585
0466,1972,6805
0468,5863,1907
0470,4670
0471,5168,1160,0790,6448
0474,9811,5110,8771
0477,9671,6480
0479,9671,6482
0483,2116,5680,0296
0486,0487,0487
0487,8076,8603
0493,6838,9460,4437
0495,1768,9816,6683,5803
0497,5314
0499,0270,0664
0501,9036,1023
0503,0612,8183
0504,8916,3156,8525
0506,8131,9326
0507,0560,7106
0508,9724,0019
0509,2814,0877
0510,1890,0587
0511,8813,4276
0513,3731,6991
0514
0515,2539,3034,4272
0517,4683,8451
0519,4828
0521,4825,7472
0523,0524
0524,2756,2452
0525,6179,2898
0527,8929,0466
0529,2452,4902,6168,7982
0531,0666,2220,8396
0532,6191,8327
0533,3488,6578
0534
0536,3881,5850
0537,2004,4682
0538,8066,1328
0541,6681,3015
0542,3293,8523
0544,2254,7771
0546,8843,5282
0548,9320,4695
0549,4215,8284
0553,3991,2043
0556,6810,8728,4838
0557,6701
0558,6148,0560,8778
0559,0873,0558
0560,9829,0873,9617,0558
0561,0877,5795
0566,4273,8830
0567,9699,9231,6578,8721
0568,0988,1265
0571,8946,3549
0574,6183
0576,7458
0579,5554
0580,3711
0582,4939
0586,4272,5559
0587,1890,2608
0597,8411,8815,6392
0603,8055,4639
0605,9876,0345,8585
0607,6453,6444
0609,6709,0801,5218
0612,1890,2608,0812
0614,8029,6392
0617,6364,0385
0618,0385,5766
0619,7472,5394
0620,8073,0755
0625,5355,0626,3572
0626,7575,0625
0627,0688,8079,5547,0882
0628,4837
0630,9855,0612
0632,0633
0633,1019,2116
0635,7384,6714
0638,8883,8024
0639,1736,3542
0641,7309,7302,1224
0642,3013,4161
0645,1911,6634,2884
0647,6612,4147
0649,8265,1768,6845
0651,9653,0603
0652,3228,9778
0653,5120,4014,0074
0654,9728
0655,0170,0003
0661,9671,3522
0663,5194,6644
0664,5140
0665,2044,0666
0666,0517,8395
0668,4086,7346,Y409
0669,4899,1555
0670,4582,3818
0672,2055
0673,4263,5856
0676,3544,0376
0677,1285,8728
0679,6158,1540
0681,8809,6930
0682,1826,5402
0683,1891,8327
0685,3937
0687,4603,4077,1736
0688,5547,0882,0690,1111,9726
0689,6374,1544
0690,1557,0688,1111
0691,1199,0440
0693,8527,1204
0694,7397,5168
0696,6148,8048,0697,5795
0697,8197,0780
0698,9372,0780,0697
0700,0872,0877,1698
0701,4581,4063,4582,6754
0702,2115,8948,7833
0703
0704,0702,2849
0707,1160,4379,6006
0709,6845,6868
0713,2122,3021
0715,3818,8229
0717,2519
0719,0720
0720,6634,2004
0724,2817,9241
0726,1888,1799
0728,0249,3421
0730,0057,0010
0733,0150,6376
0735,7550,4215,3935
0738,1639,7001,6359,2078
0752,9882,8852
0753,9741,5755
0754,0755
0755,8607,9490
0757,7022,1283
0759,4562
0761,9865,0587
0766,3233,8794
0768,5486,6668
0770,4879,0772
0771,6462,8201
0772,0770,9630,0773
0773,9634,6462
0775,4437
0776,0639,4083,9903
0780,0698,8197,7562,8980
0782,9876,9557
0783,9326,4036,8468
0785,7519,1103,2110
0787,4280
0788,5835,5494,6043,9627
0790,5279,6571,0471
0791,0790
0793,5641,8769
0795
0797,8545,1093
0799,2814,1799,0217
0801,0609,2492,6392,9002
0803,7776,6682,2684
0805,8905,6625
0806,3540
0807,8905,5605
0809,9872,5486
0811,5120,0074
0812,3939,7604,0612
0814,8265,8622
0816,9170,4215
0818,7218,8728
0820,0345,9653
0822,3538,8266,6098
0823,Z572,Z513
0824,0825
0825,6231,1742
0828,6802,6187,5711,0829
0829,9816,0828,8573,3937
0831,2254,5622
0832,6563,0831
0834,7522,8941
0835,2585,0834
0836,2220,1843
0837,0560,3150
0839,8501,7081
0842,9135,0495
0843,3015,5055
0847,8129
0848,5835,3538,6098
0849,5900,5509
0852,7472,2817,8402
0856,8304,8304
0857,2332,1441
0858,2989,8674
0859,9835,2354,7081
0860,5488,7652
0862,8674,3510
0865,5168
0866,6833,9158
0868,4329
0870,2461,0380
0872,0876,1799
0873,0876,0560
0874,7554,0873
0875,0872,2814
0876,8048
0877,2827,5140,0696
0881,9791
0882,0883,5632,4233,0627,9726,0688,0392
0883,8525,5766
0884,3537,0885
0885,3538,3537
0886,4758,1604
0887,8592,3300
0888,2461,2351
0890,1972,4800
0892,7214,2237
0895,1806,4946,9675
0897,7228,2761
0898,9371
0899,8137,2943
0900,1266,8916
0901,8948,6517
0902,7029,2573,5951
0903,1680,7698
0904,0553,7594
0906,8311,4931
0907,1736,4437
0908,1112,9490
0911,8375,1087
0912,3876,3542
0913,2224
0914,0755
0916,2948,3270,8062
0918,2112,7625,9845,8717
0920,9819
0922,2078,7710
0924,6164,8229
0925,0776,4562
0926,0334,5931,5215,8068
0927,8146
0931,0649,0814
0932,0933,7738
0933,2112,2209
0936,3716,6991
0938,8941,7682,2112,7625
0939,3791,0938
0940,5615,1588
0944,4510,8736,2790,9369
0946,0702,2517
0948,7432,5923
0949,9326,6861,4036
0963,3536,4850
0965,3937,6062,8646
0966,2578,1799
0970,9780,8268,6621
0972
0974,9371,8845
0976,1799,2578
0977,2242,0170
0978,2241
0984,8723,2966
0985,2115,2517
0987,8769,9882
0988,7776,4275
0990,5156,0696
0993,0828,2391
0995
0998,5768,8541
0999,6747,9477
1011,6524,9366,3296
1012,0297,9743
1013,8137,9671
1015,2608,3581
1017,8066
1018,2113,1019,1337
1019,1018
1020,3824
1023,9778,9158
1028,3538,6954,5159
1031,5391,8890
1033,8916,8809
1038,8146,6183
1052,4683,8395
1054,5615
1056,6376,4068
1057,2271,8265
1061,4015,6276
1062,8927
1063,3126
1065
1067,1068
1068,0567,9728
1069,6338
1071,6868,7705,1727,7522
1073,7771,4516,8573
1075,5554,3069
1076,8306
1078,7435,0432
1079,2963,7011,6566
1082,4605,9762
1083,1082
1084,0649,0814
1085,6455,8055
1087,3903,2262,5878
1089,1388,6055
1090,4917
1091,8603,2096
1092,0334,5215,7776
1093,5871,9671
1101,1985
1102,3540,4905
1103,8809,3541
1104,1103
1106,7035,4792
1109,9872
1110,8860,2207
1111,0690,0688,8023
1112,9871,6426
1117,1900,7538
1119,7177,4459
1120,1119
1121,1031,9671
1123,7746,7397
1125,2179,8152,3124
1126,2108,1125
1127,9557
1128,5159,3839,0848
1132,9413
1134,7751,8603,2437
1136,8128,1910
1138,7578,8229,1201
1142,7218,0677
1143,5755,8465
1144,1557,5762
1146,4461,1772
1148,0249,4998
1149,7210,5168,4070
1151,0493,1609
1153,7322,9294
1155,5230,1988
1157,3572,5355
1159,1160,8043,8043
1160,2104,6571,7015
1162,5635,6359
1164,3881,1292
1166,5194,0938
1167,2112,5194
1171,6151
1172,1799,3540
1173,4064
1174,6483,4064,8206
1176,3540,1992,9872
1180,2817
1182,8197,3886
1184,0735
1188,2446,2317
1190,5683,1082
1192,2790,5991,4795,8900
1193,1355,3112
1195,1912,8897
1197,6007
1199,6501,6502,4510
1200,1201
1201,6164,4411,8860
1204,3176,4810
1208,8809,6930
1209,8916,8525
1211,6920,9653
1212,6634
1213,1911,6634
1214,4682,2519
1216,8229,9036
1220,1221
1221,0702,1839
1224
1225,9859,8201
1227,3558,0227
1229,8395,2221
1231,6859,8901
1233,6981,8845
1235,4151,8451
1237,3544,9703
1238,7700,2088
1240,5251
1243,1176,1765
1244,6625,6465
1245,9485,1244
1246,8242,3118
1247,0965,6187
1248,8066,0724
1257,2578,9860
1261,3544,3541
1262,0141
1264,0226,5404
1265,8152,0232,6071
1266,8024,4282
1267,8024,1266
1268,0397,9158
1269,4275,3233
1270,9679,6779,8055
1271,1799,2084
1273,8197,8971,7585
1276,6368,4675
1278,9903,9819
1280,6578
1283,9492,9158
1285,9662,3960,8585
1287
1288,3536,1374
1289,7177,5368
1290,0944,8901
1291,9903,6411,5805
1292,4036,5850,3079
1293,8266,6098
1294,5547,7448
1295,9477,1221
1297,6151,1936
1298,7362,8593
1299,7780,7432
1302,7324,4481,1229
1303,8582,1304
1304,8265,6876
1305,8066,1328
1306,6520
1307,2131,8927
1309,6501,2435
1310,1999,6187
1312,2078,0380
1313,1839,2112
1315,6444,6781
1317,4581,8850
1318,2512,1575
1319,2565,0170
1321,3522,9670
1323,9829,4852
1325,8854,8131
1326,2055,2464
1328,4036
1330,7472
1331,7208
1332,4696,4160,4760
1333,7594,4939
1337,1018,2116
1351,0296,6517,8948
1353,3860,4448,8886,5189,7297,7296
1354,2593,8761,0304,6144,1355
1355,6144,0304,8845
1357,0296
1358,8897,1357
1360,6859,8901
1362,5467,8728
1363,3537,5212
1365,4567,4065
1367,9762,3711
1370,1795,9699,0567
1373,1374,1374
1374,8922,9816
1377,5020,1826
1379,3393,6055
1381,1382
1382,1891,0179,0179,1890
1384,9816,8603
1385,0019
1388,7127,8606,0666
1389,9817
1395,8223,9332
1396,5187,0179
1401,8451,1319
1403,5025,5686
1405,3537,5212,6430
1406,4251,9320
1407,4413,9671
1409,8265
1411,1283,7233
1412,7731,9268,3805
1414,8573,0268
1415,7345,3541,7204
1417,2004,4682
1418,6361,4390,7048
1420,1768,2720
1421,1422
1422,8809,1424,0194,1423
1423,0036
1424,8525,2521,1423
1426,1019,0061,9837
1428,7532
1429,8393,6388
1430,7532
1432,1433,7740
1433,3912,9189
1435,8479,5110
1437,1073
1438,3937,6850
1439,8229,5815,1517
1441,6895,4147,2332
1443
1444,1443,9671
1447,8066
1449,0319
1450,5462,8922,6902
1451,1972,9671
1453,6513,4653
1454,6683,8125
1455,4534
1456,0466,6779,6805
1458,1613
1460,2684,0859
1463,6455,8055
1465,7450,7449,4567
1467,1947
1469
1470,8223,4321
1474,9893
1476,9467,3748
1478,6359,1639,2573
1480,3775,8992
1482,8576,3632
1484,2084,2578
1490,1984,7024,9320
1492,4917
1493,8327,5271
1494
1495,7177,0812,6513
1497,5411,4392
1498,8941,3947
1499,3421,5368
1500,0245,4758,2301
1501,6566,6316
1503,2727,3563
1504,4060,6513
1508,1787,4207,1900
1510,8638,4701
1512,9935,2084
1514,2112,1613,3745
1516,5733,1940,1517,1609
1517,9691,6911,1439,1516
1521,6101,4110
1523,3278,1167
1525,3894,0002
1526,3034
1527,8783
1528,5209,6129,3789,8815
1530,8411,1985
1532,7554,Z574,Z690,Z540
1534,1535
1535,9371,2299
1536,5803,3245
1537,2116
1539,9311,1540,4912
1540,9903,5984,2112
1542,9817,4416
1544,8845,3126,5251
1546,1830,0042
1547,7698,3274
1551,2557,0704
1552,6863,4459
1553,8769,4745
1555,3409,5921,3433
1557,2042
1558,3960,1444
1560,1561
1561,5486,3276,1560
1562,7015
1564,5903,8573
1569,3831,9483,5765
1572,7602,8146
1574,2452
1575,1318,8605
1576,6187,4406
1578,6370,6814
1580,8813,4276
1584,8137,9671
1586,3543,2704
1588,3521,1264
1590,9791
1591,9413
1592,9460,0389
1593,4510,8769
1595,8229,8860
1596,9696,9198,1907,0130,2238
1597,5348,9749
1599,8702,8638
1602,5523,2284,5995
1604,0305,8794
1606,2113,6392,3804
1607,1606,5209
1609,5815,1516,8897
1611,5230,5261,4018
1613,1514,3745,3947
1615,8705,3951
1617,5903,6151
1619,1869,8322
1630,8609,1071
1632,8736,5991
1633,8736,4510,5991,6754
1634,1635
1635,3610,0536
1636,2342,2342
1637,6183,3072
1639,4065,6524,0738
1643,6301,3960
1646,1199,7292
1648,2106,3828
1650,5878,9311
1654,8771,5117,0970
1655,8495,1287,0818
1656,7048,0277
1658,0305,5755
1671,7302,8026
1673,7540,0877
1677,3613,1678
1678,5835,5159
1680,4829,0283
1682,7432,4802
1683,1682
1684,4276,8055
1685,2112
1686,1374,9071
1688,8043,0471
1691,3711,5554
1693,2203,3540,8160
1696,8021,2814
1698,0877,0872
1699,6498,1588
1701,1056,2106
1703,8666,6566
1707,7897,8165
1709
1711,1580,6053
1712,0895,5425
1713,8728,4058
1715,2351,9898,4151
1719,3098,5120
1724,9270,8728
1726,1727,6664
1727,7522,1071,5921,8941
1728,1727
1732,9831,0834
1734,3129,8650
1735,7571,1736
1736,2262,1830
1737,2263,4642
1739
1741,9645,0651
1742
1743,5391
1745,0567,6338,3488
1746,1745
1748,8662,5228
1750,6164,4571
1752,2129,0400
1754,5253,5965
1756,1799,3540
1757,3761,1535
1759,0822,6098
1761,3684,9575,1752
1763,1984,9824
1765,8779,9872
1767,9736
1768,5835,0649
1769,6067
1770,1772
1771
1772,6845,8223,6683
1776,9158,8916
1778,9454,8815
1780,1781
1781,4773,3729,1019
1783,3488,9728
1785,1302,0285
1787,1768
1788,3960,5391
1790,1984,4827,9962
1793,5452,0803
1795,1370,9955,9728
1797,5803
1799,3540,0697,7554
1803,1804,8769
1804,8946,6754
1806,5425,4946
1810,7755,3540
1812,2834
1814,7727,3001,5564
1816,9097,2004
1818,1888,2578
1822,7292,8946
1824,6513,4155
1826,1891,8327
1829,4897,4021
1830
1831,9467,8779,3748
1832,8048,0560
1833,3100
1835,3100
1836
1837,1164,3969
1838,2608,7653
1839,1221,1540
1841,6810,4779
1843,0005,1052,9320
1845,6827,7458
1847
1849,4362
1850,6292,5304
1851,3094,9957
1853,7596,6683
1855,3284,8674,6743
1857,1444,5391
1859,6683,3981
1860,3658,0274
1861,2452,5391
1863,4370,1328,3385
1865,7623
1866
1867,8573,0213
1868,1795,1068
1869,5658,8955,8322,0309
1870,9320,4069,3146
1871,7048
1872,1799,6565
1873,8317,8699
1875,0074,9270
1877,2092,4253
1879,6578,5436
1880
1881,5127,1588
1882,7610,7696
1883,7911,9157
1884,7596,4860,5803
1885,1588
1887,1888,0726
1888,0872,7468,8021,2578
1890,9462,9828,7371
1891,3540,1890
1893,4437,7848
1894,1891
1895,5251
1898,9207,6653,6461,2386
1899,6462,1898
1900,1768
1901,6805,0466
1903
1904,8728,8541
1905,7208,5878
1907,2047,5850
1908,9917,3876
1910,5835,3541
1911,6072,9829
1912,5159,1940
1915,3544,1768,9816
1916,8066,5913
1917
1919,4719,0938
1920,6164,4128,9764
1923,4825,7472
1924,4825,1924,1924,Y264
1926,8934,4593
1928,4437,5159
1931,3544,1915
1933,6151
1936,8527,5516
1938,5607
1940,1516,4687,8897
1941,7363,9338
1942,4253
1945,5818,5878
1947,1264,4713
1948,6430,5159
1950,8145,7830
1951
1952,0514,1952
1957,6042,5212
1959,1960,0464
1960,0780,8146,6183
1962,1799
1964,9050,2110
1966,2384,0812
1969,6498,3669
1972,9785,6256,1451
1974,1388,1052
1976,8068,7015
1978,0702,2517
1980,1671,9023
1982,8327
1984,8095,9829
1985,8029,6392
1986,7458,7142
1988,5306,9389
1989,3401,9438
1990,2656,2555
1992,3540,1176,6465
1993,6779,6455
1994,1068
1996,8860,3028
1999,2384,6187
2000,6675,3267
2001,7302,8772
2002,8772,4687
2004,6072,9829,4682
2007,8055,0603
2009
2011,8276,6098,6066
2012,8021,2578
2014,8561,2928
2015,0649,2118,6592
2016,8482
2017,4246,2593
2018,7084,4068,5923
2019,0605,5788
2031,8682,6456
2033,5055,5328
2040,7625,8888
2041,1895,8871
2042,1557,8341
2043,7610,0553
2044,0517,1388
2046,3903,3542
2047,7018,1907
2048,8845,4219,3775
2050,2342,4935,5953
2052,4916
2055,2814,3540
2057,9816,1374
2058,3488,9656
2072,2112,5439
2075,2351,7001,2328,9898,1715
2076,6517,9496,0702
2078,4161,0738,7402,3643
2079,4976,7606
2080,7015,3995
2081,6977,4049,2232,6798
2082,4967,9978
2083,5411,3620
2084,7554,3571
2085,5175
2086,1068,6247
2087,6276,3824
2088,6072,2903
2089,5362,5411
2090,9728,6578
2091,2814,3540
2092,0215,6991,2225
2094,6066,4502,4378
2095,3488,9728,1795
2096,0829,3637
2098,3590,5138
2100,9957,4066,1736
2101,9743,2317
2103,8545,5801
2104
2106,6376,7378
2107,6375,5503
2108,8813,5230
2109,2110,0785
2110,6444,0785,1103
2112,2115,0918,0938
2113,6066,2115
2114,3745,2113,2112
2115
2116,3401,2115
2118,8265,1727
2119,6845,2119,2119,2119,4542,4900
2121,2122
2122,1984,6633,5191
2124,9821,9948
2125,3818,8293
2127,4272,2539
2129,0395,3684,0400
2131,8118,8916
2137,2371,8783
2139,3129,1544
2141,9216,2756
2142,2555
2143,6947,3762
2145,2151,6947,3403
2146,0780,0274
2147,2620,Y153,5803
2149,3960,6301
2151,1535,2145,9053
2152,0420,6151
2154,2156
2155,5921,6388
2156,3001,2527,6845
2158,8845,3085,7115
2172,7524,7580
2174,8137,0466
2176,4036
2179,5872,1125,8152
2183,7302
2184,7302,2183
2185,9859,8201
2186
2188,1736,3542
2191,8912,3590
2193,2817
2194,8941,4813
2196,3023,2113
2198,2437,3486
2200,3684,1752
2201,8721,5253,5973,5703,4500
2202,8068,0196
2203
2204,4834,5872
2205,3806,7512
2207,4808,9634
2208,5025,5025
2209,7738,0933
2210,2703,4036
2211,0042,8832
2213,1328,6116
2215,2578,8662
2217,2211,0417
2220,9710,0005
2221,0170,8451,4151,9320,1229,0285,8098
2222,7940,3649
2223,8905,4611
2224,5702
2225
2226,8160,8160
2227,8813,4276
2228,2814,5795
2229,5269,0605
2230,9627
2231,8311,3008
2232,7679,2081
2233,7698,5187
2234,8327,8533
2235,2301,4718
2237,5867
2238,5850,1596
2239,3836,0452
2240,7081,4894,7314
2241,0514,3290
2242,0949,6385,0949
2243,Z120,Z130
2244,2247
2245,9841,2247
2246,5418,1604
2247,4272,3313
2248,8761,0304,8845
2249,1266,8916
2251,9492,3658
2252,1388,1379,3393
2254,0829,3639,5754,0544,4516,4451,4300
2257,5835,3019
2258,4758,3870
2260,9683,9643
2261,4392
2262,1736,2263,8375
2263,0345,6874,2262
2264,2263,2263
2266,6813,7950,9671
2268,8146,6607
2270,2271
2271,6098,6066
2273,4642,0232
2276,9791
2278,1888,2578,1799
2280,9701,6070,0307
2282,0885,8206
2284,5523,4899
2285,4915,0829
2286,4639
2288,9557,4276
2289,3478,7833
2290,6894,7195,4956
2291,4139,9002,5772,4987
2294,9490,6426,9663
2296,2297
2297,2593,6659,0457
2299,6524
2301,7575,1880
2302,6072,5463
2306,8311,2289
2308,5055,9762
2309,2308
2311,1031,9671
2313,8897
2314,8971,9732
2315,2317,5766
2317,4914,2446
2321,1799,2464
2324,0877,0872
2326,0227,1880
2328,0380,2351,7001
2329,3795,3026,3026
2331,7897
2332,5803,7694
2333,6688,0872
2336,2759
2337,6814,7059
2338,9955,9231
2340,8573,0268
2342,0400,0399,6918,1750
2344,8501,7717
2347,6392,8474
2349,9423,5648
2351,5498,0517
2353,8525,7415
2354,2684,0159,8068,7015,9347,9835,0859
2356,7018,3522
2357,3510,3676
2359,3001,5921
2360,1799,3540,2464
2362,8029,1985
2364,0170,8468
2367,4036,4825
2371,2137,8426
2376,9819,7833,9171
2377,5110
2382,9634,7841
2384,7177,7897
2386,7841,1898
2388,4971,4758
2391,0828,4406
2393,8809,9075
2395,8662,9761
2398,5486,3718
2399,8845,9557
2401,2113,5523
2402,8229,9764
2404,9277,9778
2406,1891
2408,4567,4161
2409,3409,5921
2415,1984
2422,2266,6814
2423,8482
2424,0285
2426,0877,5795
2429,6802,6185
2431,1057,5200
2433,1367,3711
2435,6501,0440
2436,2437,2491
2437,3641,0495,3979
2439,9791
2440,6069,5187
2441,9696,6894
2443,6455
2445,8556,6444
2446,8860,9749
2448,3718,8327
2450,9925,4761
2451,9440,9150
2452,1443,9671
2453,2452,1444
2456,5912,2608
2458,2913,1880,6498
2459,4015,6276
2461,4161,2351
2463,2464
2464,2203,2360,3540
2466,6802,2467
2467,9157,3716
2481,9332,4461
2483,6947,8929
2486,9490,8916
2488,6566,9984
2489,1772
2490,8223,1441
2492,7743,0649,6392
2493,2491,0495
2494,8778,4065,5635
2496,8525,9490,6354
2497,4273,0988
2499,3804,5921
2502,4403,7897
2503,7363,7362
2505,4036,5850
2509,8779,3508
2511,6166,6372
2512,0038,4139,1318
2513,3050,6072
2515,9671,3522
2516,2112,5578
2518,2519
2519,9320,5025
2521,3749,0036
2523,0697,2598
2525,0411,4147
2527,4899,0834
2528,2527
2532,8265,2533
2533,2532,8265
2535,6566,8181
2537,4639
2539,0515,3034,5952
2540,6837,9691,6911
2541,3926,8845
2543,8760,8731,8845
2545,2546,8420
2546,2301,5404
2547,4015
2549,2601,3196
2551,2505,5591
2553,8268
2555,6991,8922
2557,0702,2517
2559,8747,4459
2562,7248,2829
2564,2565,9326
2565,8868,8131
2566,5903,7264
2567,1238,6072
2568,2226
2569,6676,3542,2377
2571,8474,3733
2573,4065,6524
2575,1540,1650
2578,5795,8898
2580,2578,3561
2583,6578,2090
2585,8941,8941
2586,3718
2588,5733,6837,1516
2590,2593,6144
2591,4423,4518
2593,4245,2297,8761
2596,2112,2611
2598,8197,8971,8327
2601,4451,5903,8573
2602,4916,0315
2603,0666,4151
2604,2603
2606,6566,4005,0471
2608,9828,7698,0612,7604
2611,8941,4392
2620,8831,7208
2622,9492,9492
2624,8122
2626,8573
2628,5402
2631,6682,1265,5910
2632,0232,4606
2635,6682,7780
2640,6231,9347,7544
2644,8229,4411
2647,4117,0170
2650,2112
2652,5707,3567
2654,2110,0785
2656,6991,8922
2660,7522,7743
2663,6944,6187
2667,6903,3142,6456
2668,2667,3142
2670,0253,3541
2674,1891
2677,0170,5739
2679,7188,5110
2681,9841
2682,9872
2683,1891
2684,5452,2354
2685,9627,7387
2686,0404,0062
2689,7737
2691,9852
2693,9817,5297
2695,3538,8266
2697,0376,3541
2701,5835,9609,3019,6619
2703
2704,6805,2703
2706,4231,8831
2708,8034,0829
2710,5768,9389,5306
2712,9311,4912
2714,5523,1606
2716,3881
2719,6455,5850
2720,9135,6067
2726,1890,9462
2727,8728,4272
2728,4272
2729,6855,3731
2730,0567,1370
2734,9347,3552
2736,6374,9282
2740,4352,9819
2742,1799,2578
2744,6874,9557
2746,2491,6085
2748,2817
2750,3544,3541
2751,3937,6997
2753,6845,1727
2755,8783
2756,9671,4521,9750
2757,9750,2756
2759,1068,6332,9874
2761,9696,6894
2764,2376,6714
2765,1265,6810,4363
2768,8095,2917
2774,8774
2776,2004,4682
2778,5338,0924
2780,4474
2782,5766
2785,0253,3541
2787,2112
2788,0773,7302
2790,6859,1192
2793,3929,8783
2795,3537,5159
2797
2798,7177,1119,9154
2807,0053,8747
2809
2810,0829,8076
2811,5921,3804
2812,0062
2814,8048,6625
2817,1907,1328
2821,1994,6985
2822,7639,3277
2823,4403,6878
2824,0788,9983,9627
2825,2878,4507
2826,4695,4695
2827,7540,0877,5140
2829,7696,8435
2830
2831,7248,2829
2832,3540
2833,0963,8207
2834,8416,9828
2835,0471,8015
2836,2835
2837,7650,7682
2838,5422,0023,6995,2578
2839,5025,7637
2841,9270,8728
2845,4828,6634
2849,0704,5411
2850,4275,4272
2852,7776,5215
2854,5911,3867
2856,8158,7363
2860,1160,5168,8068
2862,2112,2611
2864,5820,5501,4799
2865,7432
2866,6513,5568
2867,8223,0393
2868,6621,2377
2870,4636,7324
2872,7418,8305
2874,6534,4682,2519
2876,2900,4636,2870
2878,2519,0005
2879,2878,4636,4948,2519,2900
2882,1870,2004,9320
2884,6634,8708,0645
2886,3937,3377
2888,5194,0938
2890,5609,7679,6977
2892,0829,1073
2894,7018,9788,9868
2898,7652,5777,3463
2900,2519,7324
2902,4828,6634,4841
2903,4890,2088,7639
2904,5926,4084
2906,9170,0417
2908,2098,6359
2910,0327,2541
2911,2913
2912,0010,2301
2913,9671,1880
2915,5328,9761
2916,2452
2917,1984,4783
2919,0567,7746
2923,0918
2925,7264,4810
2927,7363,6625
2928,7363,7372
2930,7544,2930,2930,2930,2930,1367
2932,4773,2113
2935,9326,7207
2936,,,7625
2937,4935,6400
2939,6067,2492,2118
2943,8845,4276,3775
2944,3980,4759
2946,4365
2948,9454,3912
2952,2055,2464
2956,4437,6441,5159,3537
2958,2055
2960,3544
2961,3544,5835,9825,9825
2963,2009,1079,7011
2964,6517,9496,8948
2966,7264,0984
2969,8699,7758
2971,8158,2578
2972,9182,7459
2974,4542,3001
2976,2761,4117
2980,1984,3021
2982,8131,4036
2984,8922,8574
2986,2987,7458
2987,7458,7142,7177
2989,9761,0858,5253
2991,6578,2090
2993,2971,8158,2578
2995,0466,3685
2997,3036,7783
2998,7783,3036
3000,6392,1727
3001,5209,3000
3003,9671,3522
3005,6513,5568
3006,5159,1915
3008,2517,1540
3010,9872,9877
3013,4828,4567
3015,0843,4603
3017,5331,8603
3019,0253,0367,8265
3021,9962,2917,9829
3022,9829,3021,3022,3022,3022
3023,7440,2932
3025,3026
3026,7355,2329,9158
3028,8860,5815
3030,8585,1972
3032,7214
3034
3036,8728,4272
3039,8922
3040,7214
3042,3937,9821
3044,3190,1125,8813
3047,3026,0866
3049,7345
3050,7151,7639
3051,3122,8845,6370
3053,9389,3107
3055,1271,8158
3058,8922,3718
3059,8062,5523
3061,5755,5391
3063,3542,6380
3069,3711,4067
3071,3072,4731
3072,0263,6944
3074,6802
3077,4639,1287
3079,1837,1292,5850
3082,0829,3918
3085,1544,8929
3087,9299,1424
3089,2817
3092,9868,9788,0226
3094,8104,1736
3097,8544,3673
3098,4276,5230
3100,7776,8068
3102,8197,0240
3105,6424,9034
3107,4639,1285
3112,8545,8845
3114,8229,6837
3116,3541,3538
3118,4253,4850
3119,0093
3121,5765,7790,0385
3122,8010,8929,3051,8845
3124
3126,6374,9616,1544
3128,6850,9821
3129,1535,8929
3130,9841,3312
3134,5251
3136,8229,8335
3138,8721,5973
3140,0062,9818
3141,0668,8113
3142,8055,2719
3143,1495,7890,0812
3144,8311,2289,8268
3145,2727,3034
3146,0720,2004
3147,8544,0995,3097
3148,8590,4389,3239
3150,9829,7426
3154,2351,0517
3155,2515,7018
3156,8916,0504,7985
3157,9841,3313
3159,8929
3160,1328,3385
3162,1125,8052
3164,6164,8848,9764
3166,1540,9819
3168,4969,6809
3170,8066,5863,1907,0468
3171,4003,4390
3172,6991,4837
3174,8704,4567
3176,8603,5903
3179,6524,2078
3181,7554,8662,4033,0426
3182,3561,9376
3184,3185
3185,1516,1609
3186,1516,3184
3187,4084,7679
3189,8104,3094
3190,3044,8535
3196,3840,5599,6563
3198,8946,1804
3202,3203
3203,8794,3572
3204,0471
3205
3206,1441,6895
3210,3053,1285,7777
3213,9158
3215,1680,7698
3216,0263,8646
3218,2971,2578
3220,8599,4896
3222,0219,3819
3223,3903,3542
3224,1736,5110
3225,4978
3228,3833,9276,6983
3232,2437,4881
3233,2850,8586,5637
3234,4065,3763,7534
3235,4779,4876
3237,4215,8284
3239,0307,6571,9147
3242,8083,5512
3244,6683,1853
3245,5699,7596
3246,7727,0313
3247,0432
3248,7522,1071
3252,4896,8493
3254,0870,2328
3256,8306,1073
3258,6969,6610,4916
3260,2565,9326
3262,1031,9671
3264,8705,5921
3265,4939,7036
3266,4916,7040,7821
3267,3816,3794
3268,2814,6995
3270
3272
3273,8317,7897
3274,8662,1547
3276,5486,1560
3277,6072,2822
3278,2112,5194
3280,6563,0831
3281,0406
3284,7542,0825
3285,1994,6985
3287,7890,0812,4060
3288,5120,0074
3289,3142,3881
3290,0514,2241
3292,3794,Y884
3293,7575,3720,2247
3294,3293
3295,9418,1799,2360
3296,3403,9282,1011
3297,3620
3298,5503,4382
3299,7897,8218
3300,3302,0887
3301,9817,0338,2437
3302,8592,9269
3303,9671
3304,6534,Y859
3305,1463,8055
3307,3541,3538
3312,3313,2245
3313,3293,2452
3314,3313
3318,7352,9413,4406
3323,6359,6524
3325,8761,2543,8845
3327,5256
3328,6455
3330,5194,0938,4719
3337,8076,8603,8076
3338,0690,8023
3341,3342
3342,2203,8160
3344,8058,9533
3345,5671,5671
3346,7538,8209
3347,3814,4118
3348,3349
3349,0567,3488
3350,3349
3352,6187
3353,6187,6827
3355,3354,7897
3359,4036,1164
3361,6805,8929
3363,3278,1167
3365,8721,5973
3366,5355,4113
3367,4507,2519,6538
3369,2939,6845
3371,7554,7363
3373,0148,0148
3375,8662,0426,4042
3377,8747,3937
3379,6649,5230
3381,7692,6841,3383
3383,5391,9671
3385,7617,9838
3387,2888,7738
3389,9824,7395
3390,8393,5564
3391,2437,2491
3392,0876
3393,1388,0666
3395,7449,4567,4828
3396,8912,7534
3398,7458,7897,4344
3399,6072,4695
3400,2608,9651
3401,2116,6507,1989,1019
3402,3762
3403,9366,9282,3402
3404,4639,9803,3741
3405,2578,Z712
3406,5770,4603,3927,3015
3409,3947,1555,8941,5209
3410,3409
3414,0828,4978,6110
3416,7392,4468,8941
3418,8525,9749
3421,1495,6808,8747,0249
3422
3426,9903,5805
3427,3540
3430,4889,0517
3432,9984
3433,4899,9363,9675
3434,0170,8592
3435,2640,9347
3439,0207,4202,0918
3441,6683,8125
3443,9671,6826
3445,7264,4810
3447,4969,6809
3450,6563,0831
3452,2080,7081
3453,3452
3455,2301,8890
3457,1490,0139
3459,3881,5198
3461,0566,5707
3463,2608,2898,5738
3465,1283,3026
3466,5921,3601,6845,2118
3468,9627,3544
3469,2254,5622
3470,8317,8037
3471,3342
3472,0687,5923,3927
3474,3475
3475,4978,5964
3476,4553,2817
3478
3479,4810,5671
3480,6745,5484
3482,9332,0495
3484,0812
3486,9264,6027
3488,5707,0567
3493,8813,4276
3497,6231
3498,9761
3501,6874,4276
3503,8905,6625
3504,4837
3506,0236,8704,4567
3508,3540,6465,1891
3510,1367,9761,4500
3511,3510,3676
3512,5425,4792
3513,7890
3515,1985,2362
3519,3522
3521
3522,9671,3521
3524,5755,9841
3531,5707,3488
3533,5357,5314,8982
3536,8147,9816,5711
3537,6441,7518,3680,5212
3538,7518,1103,5835
3540,8327,1799,6625
3541,1103,8806,1768,5705
3542,8375,9903,9171
3543,7710,8870
3544,8806,8128,9816,0703
3546,3318,3318
3549,1633,1804
3552,7717,7544
3554,3947,8941
3556,4290,4687
3558,9671,7042
3561,6224,2578
3563,1265,8728
3565,2103,5663
3567,4309,8112
3568,7731,9055
3570,9311,8482
3571
3572,3423,0625
3573,4084
3574,3572,3854
3575,6563,0831
3577,9828,5187
3581,3463,4429
3582,4112,3718
3583,2527,3433,6637
3585,6292
3586,0021,3839,0848
3588,4110,0010
3590,3763,4065,4161
3591
3593,4084,7679
3595,7554,7615
3597,8229,8335
3599,1031,9671
3601,8029,3466,6845,8601
3602,0587,2456
3605,8399,,8148
3607,8832
3609,3610,3881
3610,3881,2505
3611,Z571,Z673
3612,5766,1188
3613,5835
3614,1678,3613
3615,4912,8482
3616,7167
3617,8061,9829
3618,8615,8911
3620,3297,3909
3623,8662,5228
3624,9696,2976
3625,6683,8125
3626,0263,6582
3627,7558,0319,5737
3628,3354,1576
3629,6072,5463
3630,3142,2719,3924
3632,1482,4531,9671
3634,8809,5633
3635,8868,1401
3637,6928,1134
3639
3641,0829,7771,2437
3643,7402,7425
3645,0309,6576,7038
3648,8909,9655
3649,6781,8909,8201
3652,8714,3541
3655,4582,3549,1804
3658,7562,8980,3659,6802
3659,9492,9157,3658
3660,9859,7940,8201
3662,1146,9440
3665,6874,3501,5306
3666,9675,0834,5184
3667,9671,5405,5404
3669,1264,1588
3673,9816,8544
3674,3673,8544
3676,9147,9147,2989,6960
3678,7710,0922
3680,1912,3537
3682,2112,4392,5194
3684,2129,8900,0400,0399
3685,4393,6779
3686,1542
3688,1768,1787,1900
3689,2817,8402,0852
3691,6566
3692,1078
3693,8948,9496
3695,9728,3567
3699,9817
3701,9699
3703,9855,0612
3705,0170
3708,0938,4813
3711,1830,5253,5966
3712,5967
3714,0752,9492
3716,9872,8758,3731,3536
3717,3718,6183
3718,5486,1960
3720,5755,2452
3721,3720
3724,4837,8922
3726,7838,2333,1799
3728,4810
3729,1781,4773,1018
3730,2220,8395
3731,3536,3716,0828
3733,5209,3001,3804
3735,9158,9490
3736,8165,0612,7897
3737,7264,3737,3737,3737
3739,4015,5599
3741,5768
3743,2114,2113,1514,1613
3746,1883,7355
3748,3540,1831
3749,2521,1424
3752,3842
3754,7830,9819
3756,7594
3761,8845,4995
3762,8871,3403
3763,7534,3590,8912
3765,5189,3926
3767,7324,9320
3769,6682,3871
3771,7645,6745,4325,5484
3775,0043,6256,2943
3777,9671,6826
3779,6714,8134
3781,4923,1804,3818,8769
3784,6327,1313
3787,8603
3789,0300,8748,8815,1528
3790,2578
3791,2112,5194
3792,6064,1238
3793,9490,9299
3794,9829
3795,7355,2329,6833
3796,4817
3797,4782,7627
3798,6894,8066
3799,2939,8705
3800,5737,0938,3844,0319
3801,8929,4440,8760
3802,9347,3452
3804,1606,6392,5921,3733
3805,1412,5743
3806,6301,5391
3808,3572
3809,4114,5705
3810,2391,6932
3811,8198,9872
3812,8175,8573
3813,9231,4070,8112
3814,3347,2566
3816,9318,8061
3817,9231,5168
3818,8850,8229,3781
3819,6937,3794
3820,5391,4718
3821,0560,7426
3824,2601,2087
3826,6571,4375
3827,3828,0733,4804
3828,1469,7970
3829,0876,0664
3830,0227,9756
3831,5765,0289,9483,4041
3832,8052,9557
3833,9882,0397
3836,1469,5110,3542
3837,8456,5127
3838,6070,9701,4500
3839
3840,5599,2601
3842,7044,0452
3844,0938,0319,3800
3847,8218,0829
3848,8493,4876
3850,6551,7897
3852,4758,6880
3854,4816,3574
3855,3854,3574,5391
3856,8573,0213
3860,4250,1353,6096
3861,6683,5935,8125
3862,0829,4978
3863,9886
3864,0638,0297
3865,2247,3720,1443
3866,7776,1833
3867,5484,7641
3868,9855,3736
3869,6682,7780
3870,3423,2452,4758
3871,5910,0146
3872,3872
3873,7780,4603
3874,4825,1328
3875,2224,3872
3876,9917,3542,1830
3877,4695,2004
3878,9771,7440
3879,9771,7440
3880,9267,6675
3881,2703,5850
3884,3658,9492
3886,8533,1960
3888,3023,2113
3889,9345
3891,0560,3150
3894,4703,0002
3896,0170,4724
3898,7425,8871
3902,8905,9893
3903,2262,1087,6093
3904,3522
3905,7459,4910,2827
3907,6692,8197
3909,5411
3910,4446,3538
3912,3789,8062,4762
3913
3914,7233,3026
3915,8031
3916,7819,3558
3918,4459,3082
3921,7707
3922,6837,8772
3923,3924
3924,3142,5850
3926,0327,5189,8871,7297
3927,5055,1736
3929,3703,8783
3930,1450
3932,7780,7432
3935,5314,0735,4215
3937,0534,6513,0829
3938,8829,1119
3939,3937,7212,7897,0812
3941,6802,8146
3943,1417,6072
3946,8941,3947
3947,2112,3409
3948,8993,9671
3949,4810,3140
3950,7522,1071
3951,4207,6592
3954,9318,0873
3956,8061,9829,0873
3957,3957,4401
3958,8160,7363
3960,1443,0175,1285,5391
3961,0305,5707
3963,3522,9671
3964,8062,3059
3965,6536,9061
3966,2608,2898
3967,6997,8646,6062
3968,4150,X063,9264
3969,3881,5850,6561
3970,1328,1328
3971,5107
3972,5404,7669,0141
3973,7090,5209
3974,7596,1859
3975,4275,3233
3976,6682,7780
3977,3673,9135
3978,2601,0257
3979,2437,2491
3980,6802
3981,6683,1853
3983,8397,2578
3984,3937,3937
3985
3986,6802,2944
3987
3988,8435,0553
3989,0449
3990,8911,4815
3991
3992,2112,5194
3993,8076,8603
3994,5780,7684
3995,7015,9347
3996,8929,7402
3998,5430,8098,2052
3999,9828,5187
4000,6991,4013
4001,0702,2517
4002,0281,9255,Z156
4003,4042,6787,0374,3171
4004,8674,3676
4005,4379,6006,2606,6566
4006,3349,3488
4007,1713,5230
4008,8052,5120
4009,3107,8585
4010
4011,1031,4010,9671
4012
4013,8263,5142
4014,8052,5120,3288,4896,0653,8813
4015,2437,8573
4016,0025,5926,0024
4017,0283,1367
4018,5230,5261,1611
4019,1328,6117
4020,9270,8728
4021,7554,1829,4033
4022,0471,8279
4023,3488,6578
4024,0074,9270
4025,0970,6346
4026,0141,4634
4027,4038,6578
4028,9952,7796
4029,4813,0938
4030,9270,8728
4031,3435
4032,1546,5805
4033,4021,1829,3181
4034,7197,5168
4035,8076,8031
4036,2703,1328,4916
4037,4529,4019
4038,4027,7273
4039,0334,2852
4040,0074,9270
4041,9483,8229
4042,3375,0426,6787,4003,0374
4043,1799,8416
4044,8794,5148
4045,8830,6578
4046,1960,8758
4047,4051,8565,6977
4048
4049,7599,5386,2081
4050,7630,4085
4051,6578,8565,4047,5609
4052,9270,8728,4896
4054,9797,6932,0993
4056,3540,2814
4057,9819,5878
4058,5230,6892,5232
4060,6513,6808,7124
4061,3392,7554
4062,9158,0755
4063,4581,3818
4064,3537,6483,8206,1174
4065,8912,5138,2494
4066,2100,3836
4067,4231
4068,0231,1736
4069,1870,3146,2004
4070,3813,8112,6566
4071,4070
4072,6610
4073,0587,8057
4074,8929,6805,7710
4075,8148,5878,4057
4076
4077,7376,4603,0687
4078,9205,8349
4079,2084,4258,1271
4080,0264,4480
4081,2573,7873,7907
4083
4084,7680,3573,3593
4085,1328,0063
4086,6087,0668
4087,5402
4088,7544
4089
4090,6809,3838
4091,7819,3985
4093,2086,1994
4094,8402,8581
4095,6151,6151
4096,9761,7125
4097,4978,7786
4098,1727,9675,0834
4099
4100,9103,2987
4102,0407,0294
4103,0367,9474,8265,8266
4106,6538,4889,8441
4107,5253,5965
4108,4497,7650
4109,9816,0829
4110,1031,9671
4111,7032,4522
4112,3718,8327
4113,0305,9750
4114,4850,8242,3809
4116,4117,9696
4117,7819,2817,0170
4118,4451,7264
4119,0567,7746
4121,4122
4122,2113,0019
4123,3956,3794
4125,2727,2539
4126,7047,7540
4127,4939,8554
4128,4579,1920
4129,4970,7124
4130,3711,5966
4131,0560,9829
4132,3079,6561,5850
4134,3797,7627
4135,3233,5755
4136,7472,5400
4137,0700,0872
4138,4139,4987
4139,5523,2291,9002
4142,2727,3034
4143,3145,5989
4144,3142
4145,0567,7746
4146,7264,4810
4147,6819,5803
4148,4475
4149,4245,8761
4150,0404,X063
4151,7710,2221
4152,0294,7819
4153,3881
4154,0877,0877
4155,1824,5911,7641
4156,7033
4157,4725,2809
4158,2113
4159,6844,0531
4160,6072,7700
4161,6359,2078,4683
4163,0664
4164,4161,0870
4165,4161
4167,8198,9872
4170,0236,4683
4171,1891,8327,5402
4173,Y207
4175,5815,6091
4177,7376,3932
4180,0495,2720
4181,4280,6005
4182,5957
4183,8963,5957
4185,2555,3536
4188,3540,6465
4192,2578,7363
4194,9828,6551
4197,5903,7264
4200,9903,7384,7830
4202,5971,0918,3439
4204,5025,1412
4207,1787,7538,0649
4215,9819,7611,7208,7643
4216,4215
4219,2048,7955,1093
4221,3536
4222,3323,5138
4224,0176,7696
4226,2247,2452
4227,8772,4687
4228,2703,2505
4230,8809,3087
4231,1830,5867,7208
4232,0042
4233,0688,8023,5547,0882,7586
4234,6779,6455
4236,7897,5573,8218
4238,8525,6354
4243,2467,8146
4244,0434
4245,8932,2593
4246,4245,8761
4248,1890,6864,9865
4250,5865,6400,3860,4448
4251,5800,1490
4252,4151
4253,4850,2225
4254,3537,2956
4258,9935,2084
4262,1776,4263
4263,9158,8916,9490
4266,1592,6091
4268,1355,7950
4270,6042,8559
4272,6071,1443,0175
4273,6115,4275,0305
4274,0988,4273
4275,6071,5637,4273
4276,6256,2943,5120
4277,9841,4933
4279,8809,4280
4280,8916,6453
4282,0755
4283,7573,0670
4286
4288,2437,4881
4290,3556,4227
4292,4088,2640
4295,8995,0605
4298,1639,2573
4300,4451,2254
4302,3960
4303,6802
4308,2823
4309,2104,5168
4311,4642,0232
4312,0511,4276
4314,7727
4316,8747,3937
4320,5878,0970
4321,6913,5675
4322,6578,9728
4323,1772
4325,6513,3771
4327,2113
4329,8769
4330,2297,6144
4331,9872,4332,6022
4332,9872,4742,6022
4335,6930,8809
4337,9441,7384,4215
4339,9347
4340,7015,7717,7081
4343
4344,3398,4343,8218
4345,8612
4347,4046,8922
4349,8846,1093,8774
4350,8922,8146,8574
4352,5314,9819
4354,2578,4775
4355,6894,1907,7228
4356,9036,1023
4358,5801,1480
4359,0042
4360,9658
4361,5683,7544
4362,9903,7208
4363,8599,0074,6810,9270
4364,2377,9903,8134
4365,9705,0553
4366,4164,0870
4367,3544,8714
4369,5820,5497
4370,1328,1863,3385
4371,5486,3276
4375,7544,3239
4377,8393,7727
4378
4379,0707,4005,8043
4382,4758,6143
4385,3791,0938
4387,4995,5635
4389,3148,6267,3239
4390,2578,2395
4391,2608,6179
4392,2112,5194
4393,9671,0466
4397,5835,0267,1768
4399,1052,3393
4400,4810,5671
4401,4401,8618
4403,7465,5912
4404,6874,0232,4642
4405,7264,4810
4406,5573,5964,3318,2391,1576
4407,6838,4437,1940
4409,9326,2242
4410,4409
4411,8229,8809,1201,8860
4413,2756,9750
4415,6021,5055
4416,0235,1542
4418,2002,7940,5733
4421,8699
4423,4571,6847
4425,1588,5127
4427,4593,8845
4429,2608,5738
4433,7483,1134,9488
4435,0397,9158,8140
4437,2956,4687,3542
4439,4440
4440,3801,8760,3122
4441,4015,6276
4443,0720,6634
4444,4403
4445,4446,1678
4446,1103,3839
4448,6400,1353
4451,2437,4810
4452,1119,6885
4453,8897,0296,4455
4454,1609,8897
4455
4456,4437,4455
4458,0249
4459,8747,8573
4461
4463,8922,1686
4464,1888,2578
4465,6937,3794
4466,1696,1799
4467,4824,4968
4468,3947,3947
4469,4968,8076
4470,9821,6187
4471,4687,4437
4472,2112,5439
4473,8298,4466,4775
4474,4352,9819,9845
4475,2578,8160
4477,1799,2578
4478,5129,1781
4479,5740,6805
4480,4916,7040
4481,1302,0285
4482,4758,2301
4483,6683,4846,0445
4484,9780,1654
4485,6187,2391
4486,6809,3838
4487,3359
4488,4459,3937
4489,3720,3293
4490,3620
4492,8439,9816
4493,5738,8569
4494,5253,0281
4495,8830,2904
4496,8666,6566,2835
4497,7650,7682
4499,8628,8054
4500,7544,5253,2201
4501,6874,8247
4502,6773,9771
4503,6087,3176,8527
4504,8845
4507,2519,3367,0005
4508,3937,8829
4510,0944,0697,1199
4512,0558,8736
4513,6501,4510
4514,7018
4515,4112,3718
4516,2254,5754,1073
4517,9326,7207
4518,2591,7577
4519,7830,9819,7332
4520,0877,2324
4521
4522,2608
4523,9816,8603
4524,1052,4682,4683
4525,9642,6542
4527,8721,5968
4529,1328,6117
4531,8992,1482,3632
4533,0345,0820
4534,7684,1450
4535,3567,3813
4537,3692
4538,8792
4540,1071,0288
4541,4542
4542,2492,6868
4544,2317,3418
4545,4569
4546,2640,5683
4547,7544
4548,8929,6805
4549,0227
4550,9808
4552,6098,6066
4553,6124,0170
4556,8932,4149
4557,5836,7375,4558
4558,7375,4557,3544
4559,8527
4562,4012,1830
4565,1093,1584
4566,7097,1500
4567,9617,4683
4569,4253,4850
4570,2817
4571,6918,1750,7577,6659
4572,8024,2249
4574,8335,3833
4577,6400,5189,9456
4578,9778
4579,4128,4581,8229
4580,5991,0399
4581,5991,6754,4579
4582,1317
4584,1891,9872
4585,6674,8769
4586,6015,7594
4587,0534,9309
4588,3572
4589,2113,0019
4590,6183
4591,7154,7253,5391
4592,4360,0151
4593,7297,7296,8932
4594,3544,5835,3541
4595,6462,8201
4596,5159,1678,3538
4597,4272,5952,2539
4598,8055,3142
4599,2995,8055
4601,5568,1572,3937
4603,0146,1830
4605
4606,6682,1265
4608
4609,3540,9872
4610,0380,3543
4611,7362
4612,7608,8573
4614,7758
4616,8922,6802
4617,6465
4618,8714,3541
4619,1214,9105
4620,8327
4621,1999
4624,0305
4625,6571,8041,8721
4627,8809,5985
4630,1073,6563
4632,2297,5871
4634,7667,4026,5753
4635,4453,8310
4636,2879,2870,4948
4639,4276,8585
4640,2288,8240,3501,6874
4641,4276,5969
4642,1469,6874,5306
4643,2263,4642
4653,6357,4970,7423
4656,1302,4159
4657,6132
4658,3403,5584
4663,0567,7746
4670,1768,4207
4673,4456,8311
4675,9903,0291,1276,0248
4678,3961
4682,4683
4683
4684,2519,6538
4687,8201,4437,5733,1940
4688,4687,9115
4695,6072,2004,9320
4696,1332,6072,6630
4697,1535,6359
4699,7018
4701,7610
4703,8545,9093
4704,9168,6802
4705,4057,5411,9311
4706,4707
4707,2112,5439
4708
4709,6144,8545
4711,1727,5184
4712,1646,8769
4713,1588,5404
4715
4716,2720,7345
4717,0963,8922
4718,8941,0938
4720,4005,0350
4722,8879
4723,8845,8813
4724,5739,2677,0655
4725
4726,1950,6158
4727,8845
4728,2817
4729,4896
4730,8076
4731,0263,9309
4732,5622,4630
4733,6424,8160
4735,2458,6498
4736,0812,3937
4737,3811,4167
4738,8924,6879
4739,9632,6459
4741,3325,8287
4742,9872,4332
4743,1799,6224
4744,1633,1804
4745,9492,8583
4747,8714,3541
4749,4750
4750,6566,8015
4751,4750
4753,7363,6625
4755,9320,0720
4756,4273,3961
4758,0305,1031
4759,1038,6802
4760,4696,1332,4160
4761,6937,2450
4762,3912,8062,6764,5523
4764,0735,5314
4765,7897,0829
4766,4123,9829
4767,4767,8598
4768,6675,3267
4769,9671,3685
4770,4772
4771,4772,9372
4772,0698,0780
4773,1019,7440
4774,0342,7015
4775,2814,4466,7096
4776,3293,3313
4778,5775,5584
4779,9270,8728
4780,5803,3245
4782,7673,3797
4783,7024,9320,1911,8658
4785,8332
4787,3960,5391
4788,0286,6168
4789,8845,5251
4790,7047
4791,8451,3543
4792,5425,6683
4793,8061,0026
4794,1911,0139
4795,1192,1192
4796,7509,1816
4797,9816
4798,1972,9671
4799,5501,2864,9236
4800,0008,0890
4801,6067,8705
4802,1682,5263
4803,2578,3371
4804,3836,8105
4806,5683
4807,7627,7650
4808,8860,3418,6444
4809,0026,4123
4810,5671,0703,7663
4811,9761,7544,0825,8811
4812,8809,0924
4813,5194,0938
4814,2919,5168,0567
4815,0014,1333
4816,3572,5391
4817,1765,3508
4818,1388,8441
4819,3176,5903
4820,1739,3542
4821,8922,2092,8439,9071
4823,8702,8638
4824,9816,4467
4825,1328
4826,1510,7610
4827
4828,2917,8912,3013
4829,2395,7698
4830,1265,4363,8599
4831,5391,1031
4833,8813,4276
4834,6874,8813
4835,6043,9627,9825,9627
4836,9227,0471
4837,9157,0828
4838,8728,1265
4839,7544,3239
4840,2939,6845
4841,2122,6634,2902
4842,5404,0141
4843,4516,2892
4844,7058,7058
4845,8229,0618
4846,6683,4483,7650
4847,2608,5738
4848,5850,4956
4850,3536,9816
4851,2152
4852,9829,4828
4855,1771,1787,7410
4856,8846,7955
4857,5159,5165,7848
4858,0274,5896
4859,7519,6444
4860,7596
4861,8098,5430,3998
4862,6561,1164,1292,8423
4863,8868,8872
4864,8868,4863
4865,1057,5200
4866,0883,4627
4867,8728,3563
4868,5957,5957
4869,7081,7544,7015
4870,2817,4871
4871,0003,1180
4872,2913,6498
4873,4625
4874,5213
4875,8160,3342
4876,3053,5120,8728,NC56
4877,8914,8128
4878,3673
4879,6459,0773
4880
4881,6819,3673
4884,6098,2011,8276
4885,5851,7503,3142
4886,1960
4887,2437,4881
4888,8066,9696
4889,3430,8441,4106
4890,6064,2903
4891,8734,2817
4892,5738,7602
4893,8541,7218
4894
4895,0466,6779
4896,4014,8728
4897,7554,1829
4898,7191,5117,8268
4899,5523,1727
4900,6868,6392
4901,2527
4902,2452,0529,5820
4903,5715,9389
4904,4403,9791
4905,1891,8768,1102
4906,0331,6661
4907,1940,4076
4908,8794,9654
4909,1890
4910,0876,7540,3905
4911,6441,4254
4912,1540,7208,9903
4913,2317,4914,8024
4914,2317,8024,6444
4915,7897,8218,0829
4916,0285,9838,4036
4917,0404,3968
4919,4920
4920,9728,1068
4922,7503,4885,3142
4923,6754,3781,3818
4924,6997,6582
4925,0829,4978
4926,1285,3210,1287
4927,3330
4928,6511,1907,6536
4929,5671,5671
4931,0318,0906,2289
4932,9741,9841
4933,4932,4277
4934,9727,2131
4935,2937,2050
4936,0965,0965
4937,2492,5218
4938,4975,4251
4939,0918,3265,1333
4940,4828,8912
4941,6392,6764,8968,6392
4942,0696,5156,5795
4943,6779,1270
4944,6179,2898
4945,3239
4946,1806,6683
4947,4510,7292
4948,2878,2879,4636
4950,7177,4508
4951,7216,5404
4953,8146,8033,3536
4955,3794,8061,9320,6675
4956,9696,4848,8066
4957
4958,7544,7544
4959,6845
4960,3804,2811,2499
4961,6276
4962,2116,0296
4963,8662,6123,9832
4964,6977
4965,6224
4966,0883,8135
4967,4215,0176,2082
4968,0829,8076
4969,6809,9147
4970,4653,7124,4653
4971,2452,2388
4972,7641
4973,1765,1891
4974,6855,3536
4975,3794,Y884
4976,7690,0063
4977,2391
4978,6187,0829,3862
4979,7001,0380
4981,2092,4253,9747
4982,7208,5878
4987,4139,5936,1606,2291
4990,8912,6890,7453
4993,3418,6444
4994,5635
4995,2494,1535
4996,4063,7573
4997,4987,1606
4998,8747,4998,6513,6513
4999,5871,9876
5005,9816,3977
5020,1891,8327
5025,4682,0285
5035,0687,3927
5045,5025,6133
5055,1830
5065,1912,6098,5518
5075,2118,6664
5090,7324,1302
5097,1265,3563
5103,7522,5921,0609
5105,2377,7201
5107,9170,1331
5110,0474,8771
5112,2491,0495
5117,4898,4437,6312
5120,1265,3124,4876
5121,0232,4606
5125,1467
5127,3521,6498
5129,6773,1019
5130,4773
5132,6187,6944
5134,4392,5194
5136,9326,7207
5138,4065,5635,6524,2299
5140
5141,4810
5142,9872,8922
5144,7588,6072
5146,2112,3008
5148,4758,8794
5151,9671,9668
5154,2112,2611
5156,0696,5795,4942
5159,1940,4437,0703,9627
5161,6773,4502
5163,9749,5348,7309
5165,4687,1912
5167,5168
5168,2860,0471,2919,0567
5169,5168
5173,6089
5175,2086,6985
5179,9674,0383
5180,5179
5182,8705,5459
5184,8941
5186,5187,7339
5187,1890,2233
5189,6400,6096,3860
5191,4827,2122,6633
5193,5194
5194,4392,8941,0938
5196,2247,2452
5198,3881,5591
5200,9474,8265
5202,6151,4810
5204,7214,5917
5206,1295,5411
5209,6129,1528,8941
5210,5209
5212,1405,8266,3537,6066
5213,9761,4500
5215,1092,8068,0926
5218,6709,0609,2492
5220,3571,7363
5222,9917,3876
5224,3921,8772,4687
5226,6438
5228,2395,3623
5230,5306,4272
5232,1526,6892,4058
5237,9113,6688
5239,9728,4920,4919
5241,8128,9627
5243,9557,8813
5245,2756,9671
5251,9616,1544,1895,4789
5253,5966,4500,2201
5256,5194,4029
5257,5256
5259,8573
5261,NC56,0175
5263,0843,4603,7773
5265,5921,6845
5267,6374,9616
5269,9653,2229
5271,8327,1891
5273,0661,0227
5277,7985,8809
5279,6566,0790,6571
5282,8897,4773
5283,3924
5284,0605
5285,3403,0298
5287,2573,6359
5289,2289,8268
5292,0820,1211
5294,8860,4183
5296,2834,5986
5297,0829,3637
5299,8065,7544
5301,2112,2114
5303,5304
5304,6098,6066
5306,6874,5768
5307,4276
5309,4789,9210
5311,4068,3828
5313,5314
5314,7550,9720,4215
5316,0420,0419,4810
5318,1247,8156
5322,3711,7214
5326,3293,2301
5328,7773,5683
5329,5547,8023
5331,8076,8603
5335,3718,8327
5338,9764,8848,4411
5341,9990,0018,9454
5344,8128
5345,0333,0474
5348,2446,5163
5351,8721
5352,4987
5355,6540,8251
5357,7384,7208
5359,5360
5360,6894,8066
5362,8482,5578
5364,4916,4080
5366,8912,4161
5368,7177,8747
5372,2112,5439
5374,9819,0918,2377
5375,8055,8585,0603
5376,6991,8757
5378,8186
5380,3543,8868
5382,0702,2517
5385,5411,2072
5386,6578,6977,4049
5388,9231,7397
5389,5388
5391,7018,3960,9750
5392,5391
5394,0170,5739
5396,8029,2492
5398,0517,0666
5400,2817,4136
5402,8048,8327,4171
5404,9671,7692
5405,6826,5404,3667
5410,8941,5411
5411,4057,9819,4392,8941
5413,9311
5414,7659,8305
5415,8657,3996
5416,0345,4533,5625
5417,5241,5778
5418,0343,4382
5419,1384,8603
5422,2814,2578,0023
5425,7727,8941
5426,5425
5428,0342,2009
5430,0285,3998,8098
5434,0829,8573
5436,9728,6578
5438,5439
5439,2517,1540
5444,8525,8809
5446,0828,2708
5450,0059,0243
5452,6682,2684,6628
5454,2271,7317
5456,5055,5328
5458,8903,7538,1615,8903
5459,1615,6845
5461,7125,9762
5462
5463,0205,7588,7637
5464,0877
5465,8181
5467,1265,6810
5469,5923,3873
5471,6444,8073
5473,6158,1540
5475,5411,9311
5477,9750
5479,3830,9980
5481
5482,0655
5483,5404,0141
5484,4325,3771,3480,3867
5485,0702,1978
5486,9872,8327
5488,5187,0860
5489,2437,6895
5491,2546
5493,8112
5494,0788,8147,9627
5495,7472,4553
5496,1950,1540
5497,2452,9236,7154
5498,0380,8451
5499
5501,2864,4799,7253,5391
5502,0134,3613
5503,8523,1658
5505,8495,0145,7218
5509,6453,7300,6444
5512,5168,8279
5514,6455,8055
5515,9483,0345
5516,6151,9816
5518,4687,5065
5522,5523,8246
5523,2113,7865,4762,6310
5528,9320,2768
5530,6859,1192
5532,9671,6826
5534,4142,4125
5535,9761,3711
5538,3355
5539,0068
5541,7362,8593
5544,0829,5545
5545,9387,4925
5547,7415,2353,6355,7586,4233,0627,7456,1294,9726,0688,6857
5548,1646,8769
5550,8143
5552,0612
5554,3711,4067
5557,0859
5559,9841,2452
5560,5559
5563,5564
5564,3001,1814,0834,6868
5566,7758,2384
5567,0876,0664
5568,4601,7602,7645,6745
5571,0466,6779
5573,4406,6827,0829
5576,5578
5577,5411,5578,5475
5578,9819,7833,1540,9311
5580,9182,7459
5582,1891,4905
5584,3402,3762,0383
5588,6826
5591,1164,5850
5595,0285,2052
5597,4978,6110,6033
5599,6563
5600,9182,7459
5602,1984
5603,2116,3478
5605,8662,0807
5607,1495,0249,3421
5608,8125,4807
5609,4051,2890
5610,2446,2207,1188
5611,1328,4050
5612,9812,0170
5615,6498,3669
5619,0612,0612
5622,7771,5754,8573
5623,6563,0831
5624,0633
5625,9093,0416
5627,1238,6072
5629,7700,2567
5631,3828,1736
5632,5985,4411,0883
5633,4411,4627
5635,5138,2494,4995,4994
5637,0305,4275,1866
5638,6066,9474
5641,7292,8946
5643,5187,5719
5646,7585
5648,4025,2377
5650,1302,4159
5652,8699,7758
5656,9671,8137
5658,6876,8955,1869
5661,4581,8229
5663,8545,5801
5665,8148,7332,4519
5667,6255
5669,0170,8468
5671,4810,2437
5673,8095,1984,9925
5675,8223,9332
5677,8916,9076
5679,8897,5680
5680,3401,3478
5683,4605,5253
5684,5683
5686,5025
5692,1908,0442
5696,2437,2437
5697,5599
5699,5803
5700,5683,6485
5702,6063,7635
5703,5965,2201
5704
5705,2225,3541,1768
5706
5707,9728,6115,6578
5708,3395,4828,4852
5709,8051,8721
5710,9096,0135
5711,6855,0828,3536
5713,7362,4043
5715,5306,1988
5717,8501,9347
5718,1637,6944
5719,6737,5187
5721,5669
5722,8076,8603
5723,1984,9829
5727,2608,5738
5729,4897,4021
5731,4321,9332
5733,2540,1516,4687
5735,2342,2050
5737,0938,3800,3627,0319
5738,3463,5777,7602
5739,7472,4724,2677
5740
5741,2868,6346
5742,4108,7682
5743,3805,9604
5744,3072,0263
5745,5271,9251
5746,4581,1192
5749,4701
5751,3354
5752,9533,3996
5753,4634,0063
5754,2254,4516,5622
5755,5952,5355
5756,8617
5757,1164
5759,1401,2565
5760,8201,9023
5762,9743,5766
5763
5764,0457,8374
5765,6659,6364,0289,3831
5766,8229,5842,6444
5767,0207,9721,7208
5768,9389,5306,4272,3960
5769,0175
5770,4603,7780
5771,7126,0315
5772,2291,1606
5774,9828,5187
5775,5584
5776,8699
5777,5738,2898,7820
5778,1910,9627,8081
5779,8026,5760
5780,3994,4113
5781,0170,8468
5782,1103,7519
5783,4810,7264
5785,5735,6918
5788,8845,8055
5789,5788
5790,0612,7177
5791,5790
5793,8068,0006
5795,2228,0696,0697
5797,1312,0922
5800,0219,9267
5801,3775,8993
5802,8127
5803,0495,7596
5805,1830,9170
5809,5580,0664
5810,6224,9935
5813,8137,0466
5815,1439,1609,5818
5816,5818,1087
5817,5818,0389
5818,8375,9460
5819,9865,0587
5820,3313,1444,5391
5821,2356,0294
5822,5961,3482,8332
5825,3478,4025
5828,0918,6015
5829,5770,5055
5831,7970,0687
5833,2351,9138
5835,0788,8265,1768
5836,5835,4557
5837,0514,5837
5840,4248,7461
5842,7308,9775,5766,6444
5843,5335,4112
5845,Z191,0331
5847,3540,1891
5848,9467,5847
5850,6455,9671
5851,3924,5850
5854,9671
5856,9734,9490
5857,5341
5860,4682,9320
5861,3540
5863,8066,5850
5865,9371,4250,6096,3860
5867,3711,4231
5868,0281
5869,8065
5871,8545,0457,9093,1570
5872,6874,8813
5874,9668,6826
5876,8871,5415
5878,5818,9311,0918
5879,6066,9771
5884,2349,6341
5886,8229,7136
5887,8721,5972
5889,2817
5891,2835
5893,2004,3943
5896,6802,3536
5897,3273,3937
5898,2098,6359
5900,6453,6444
5903,8603,3987
5904,1564,8634
5906,3729,2932,1019
5908,6292,6066
5910,6682,7780
5911
5912,9828,7897
5913,1916
5914,4708,5417
5915,8165
5917,5918
5918,7214,0281,5917
5919,4068,1736
5920,7024,3457
5921,8705,6845,8941,1727
5922,8076,Y179
5923,7780,1830
5925,4015,5599
5926,6578
5927,7554,4033
5929
5930,2262,6008
5931,8127,0334,0926
5932,0780,0274
5933,9805,7384
5934,5025
5935,6683,3861,8125
5936,6764
5938,2546
5939,3943,4682
5941,7585
5945,4612,7608
5946,6197
5947,1136,3544
5948,4065
5949,1911,6634
5950,4574,9778
5951,6308,7029
5952,4272,2539,4597,5755,9741,2850
5953,7295,2050,8933,6918
5954,6845,1727
5955,9168,9168
5956,2578,1799
5957,5958
5958,8860,5957,5957,2540
5959,6866,1553
5960,7690,4085
5961,2481,1772
5963,5964
5964,6187,7897
5965,3711,2516
5966
5967,5966,5703
5968,7665,9323
5969,6874,4641
5970,5120,0074
5971
5972,9323,7599
5973,2201,7665
5974
5975,0486
5979,8229,8860
5980,5850
5982,4088,4088
5983,0170,0059,5450
5984,2376,9903,1540
5985,4627,5633,4411
5986,8905
5988,2194,0444,8941
5989,2727,3145
5990,0938
5991,4581,1192
5993,0231,4091,6682
5994,2928
5995,1602,2284
5997,7207,8468
5998,0215,0963,8207
5999,2456,6878,2608
6000,3034
6001,5813,1584
6002,1396,6551
6003,8416,0339
6004,7207,8468
6005,3087,6453
6006,9789,4005,0707
6007,3828,6376,1736
6008,3903,3542
6009,6007,1736
6010,0321,2817
6012,5120,0074
6013,8728,1904
6014,2517,0704,8196
6015,0918,3756
6017,8573
6018,4290,4687
6019,3819,9267
6021,5770,4415,1082
6022,4332,4742
6023,9980,2301
6025,4164,0380
6027,2437,6221
6028,6895,9264,6027
6029,6030
6030
6031,3673,0495
6033,0828,4978
6035,1333,8101
6038,8068,1160
6042,7621,8559
6043,9983,4835,0788
6045,6166,2511,6372,2511
6047,7362,8905,9828
6049,7613
6050,6959
6052,4276
6053,8813,4276
6055,1052,9320,7852
6057,7890,4060
6059,3544
6060,4321,9332
6061,4465,3819
6062
6063,7684,5702,4534
6064,4890,3792
6065,5256,1919
6066,6773,5212,5341
6067,1771,6845,7345
6069,5187,7652
6070,3838,2280,0307
6071,4275,1265,4272
6072,4160,7637,4682
6073,6072,6073
6074,7015,9853
6075,3077
6077,7554,6224
6078,1752,2129
6081,1727
6084,3522
6085,3673,2437,2491
6087,2225,8527,5903
6089,9671
6091,2809,8519,5878
6093,1739,7188
6095,3860
6096
6098,5065,1768
6099,6098
6101,1031,9671
6103,3793,6453
6104,3129,8999,7524
6105,0755,1266
6107,4567,1365
6108,3983,8017
6110,3414,5597
6111,Z130,Z191
6112,1439,8860
6113,8160
6114,6513,5568
6115,4273,5707,7776
6116,7796,7630
6117,4085,7617
6118,3077,8585
6119,0506
6121,2356,0407
6122,5960
6123,3274,4963,9832
6124,5850,2817
6125,6276
6126,7578,0883
6127,8066,9696
6128,5723,1984
6129,7038,1528,5209
6130,8229,9727
6131,1146,1772
6132,8306,8573
6133,7731,5045
6134,1333
6135,9670,7018
6136,3072,0263
6137,8585,1972
6138,4024,4363
6139,6430,5159,8266
6140,2937,7295
6141,9604,7126
6142,1103,3116
6143,0626,4382,6379
6144,8545,2593,1355
6148,8048,2814,0696
6151,2225,4810
6153,8451,3543
6158,2377,7830
6159,7059,3159
6164,1920,7578
6165,3775,1093
6166,7302,6045,2511
6168,2452,7982,0529
6170,7830,4912
6172,0829,3637
6174,4810,6151
6177,8201,7940
6179,2608,2898
6180,0755,1266
6183,4759,6183
6186,5964,6187
6187,0828,6183,7177
6191,9872,5335
6192,8131
6193,0825,3284
6195,8662,6723
6197,8327,1960
6199,6578,4049
6201,6202,8914
6202,9158,8916
6204,9762,8811
6206,4446,3538
6208,9338,4043
6209,0380,4791
6211,4437,6312,8222,5648
6212,2868,6211
6213,0829,7897
6221,9264,6027
6222,8714,3541
6224,7554,1271
6229,9264,6895,6027
6231
6232,1940,4725,4407
6234,8173,0419,2437
6236,1093,8137
6242,0666,6055
6246,6985
6247,0567,7680
6249,0694
6251,3050,6072
6252,2982,4409
6253,2814,2578,9418
6255,9791,9791
6256,4276,8585,9785
6257,8929,0466
6258,9729,9057,3001
6259,9158,0755
6260,4086,4086
6261,8912,8106
6262,5567,5567
6263,2113
6264,9705,2946,6264
6267,4500,8590,4389
6269,4070,5388
6271,8567,2543,8845
6273,7314
6274,2254,6563
6276,2254
6278,2116,0296
6283,0471,8083
6287,7208,4764
6289,8941
6292,5212,5304
6294,5650
6296,5600,9839
6299,9372,9492
6301,3960,1444
6304,5707,0305
6305,0654,1795
6308,1639,7029
6310,8062,5523,4762
6311,3540,3508
6312,3542,0795,2376
6313
6316,7397,8666
6319,1321,7018
6322,8173
6323,7472
6324,2238
6325,4437,8897
6326,0626,8794,4908
6327,1839,2849,5194
6328,8778,3761
6332,2759,8009,2759
6333,8916,7985
6334,6837,9239,8201
6336,1395
6338,1795,6578
6339,6338,1795,4920
6341,9423,5648
6343,9311,7208
6346,4437,8268
6347,0702
6348,2377
6350,8941,2596
6351,1019,2116
6352,6351
6354,8024,2496,9490
6355,5547,8023
6356,8229,6478
6357,4653,7124
6358,6359,4222
6359,8845,6374,4161,0738
6361,6361,1418,4390
6362,1384
6364,5765,7578,8229
6365,6183
6366,9627,8234
6368
6369,0603,6888
6370,6813,8929
6371,1604,6381
6372,6045,2511,7940,2002
6373,6877,6404,0179
6374,6359,8845,8824,9053
6375,0626,7442,2107
6376,0231,8105
6377,0626,0626
6378,8521,0605
6379,0626,8794
6380,0098,8480
6381,1604,0626
6382,8243,8243
6384,7240
6385,6386,8114
6386,8114,6385,0170
6388,2527,5921,8393
6389,6388,2156
6391,6392,6868
6392,8815,0597,0834
6397,0702,0704
6399,0394,7295
6400,4250,7297
6401,1947
6404,0612,0179
6406,4043,9681,8662
6407,7362,9338
6409,8306,4459
6411,9170,5805,1291
6413,8905,8662
6415,9761,7544
6417,2446,1110
6418,0426
6419,5683,2989
6421,0043,2103
6423,6424,9034
6424,1799,8160
6426,2294,9490,9731
6428,2116,0296
6430,3538,1405,8266
6433,1495,6808,5368
6434,4916,7040,0264
6437,6438
6438,3718,6183,1890
6441,6444,3537,8201,2956
6442,6444
6443,6444,6940
6444,8024,6453,6441,7518
6447,7746,7322,8677
6448,0471,0567
6449,9158,8916
6450,6448
6453,6444,8024,5509,8976
6455,8585,6805
6456,6779,2667,6816
6459,6461,4879
6460,6461,6462
6461,1898,2386,6459
6462,8201,0773
6465,3540,3508,1890
6474,6610,8098
6476,8052,5120
6478,0212,6356
6482,9671,0479
6483,9434,3537,4064
6485,8674,0858,5700
6487,9450,4837,6855
6491,2578,1799
6494,3874,4825
6496,6802,4837
6497,3563
6498,6826,1588
6501,4513,1199,4510
6502,1199,0696
6503,6465
6507,3401,9438
6510,1199,8507,8737
6511
6513,0812,7604,7641
6515,7261,8922
6517,5603,0296,0702
6519,4810,6151
6520,4810,5671
6522,5425,4792
6524,9282,7001
6526,1960,8197
6531,9877
6534,4682,2874,5025
6535,8066
6536,1907
6538,0517,2519
6539,6538,1052
6540,0305,5355
6541,6542,9320
6542,4682,1052
6544,4837,6855
6546,9239,7302
6547,7472
6548,5850,4117
6551,7897,7461
6553,2456,8783
6556,8160
6557,2834,8593
6558,3482
6559,9727,9036
6560
6561,4036,5850,3969
6563,4015,2254,8573,7771
6565,1799,9034
6566,6571,5168,7397
6567,6566
6568,6566
6571,1160,7081,4625,7854
6574,2086,1068,6985
6575,2110,4859
6576,2118,8029,7038,3645
6578,0567
6579,2090,6578
6582,3937,6997
6583,8399,2377
6587,4920,1068
6589,8999
6592,8705,2015,7743
6595,3542,2377
6601,5194
6602,8129,8040
6605,5835,3544
6607,8146,6183
6609,3258
6610,8098,3258,6969
6612,6819,3673
6614,1264,8755
6616,8311,5878
6619,3019
6620,2329,3026
6621
6622,9728,6305
6624,5269
6625,3540,9462
6628,0146,5452,2684
6629,1911,6634
6630,0876,6937,4696
6632,6634
6633
6634,6072,4695,9829
6636,0500,2827,5140
6637
6640,6066,4502
6642,5138,6359
6644,8941,7738
6646,6866,4745
6648
6649,4276,3379
6651,4272,2850
6653,8860,9207
6654,6802,4837
6657,2593,6678,6679
6659,5765,6164,2297,4245
6660,7692
6661,7643
6664,8609,1727
6668,5486,6686
6672,6802,0936
6674,0793,8946
6675,3816,6937,3794
6676,3542,2569,2376
6678,2297,6657,6678
6681,5923,4603
6682,0231,0803
6683,0495,7596,8941,7682
6685
6686,6668,1891
6688,2333
6691,2608
6692,9024,7169
6693,9671,3522
6695,5878,7334
6696,7585
6697,8229,5677
6699,0144,3146,2004
6701,4567
6702,8055
6703,8106,5366
6705,7618,3385
6707,6327,5411
6708,9132
6709,8029,0609
6710,6711
6711,7015,7544
6712,0163,3794
6714,9170,5971
6715,6714
6717,6894,8066
6721,9185
6723,8662,8905
6724,8916,8229,8525,8229
6725,2521,7300
6731,1606,3804
6733,4275,6651
6735,8024
6737,2608,5719
6743,8674,1855
6745,3771,5568,3480,7433
6747,2517,1540
6748,6747
6749,6845,1430,1430
6752,3540
6754,4581,1633,4923,1804
6758,7522,2118
6760,2622,1883
6764,9189,4941,4139,5936
6766,4128,2342
6768,0785,1103
6773,8897,6066,4773
6775,9490,9158,8525
6777,0785,1103
6779,8137,6805
6781,7308,3649,6444
6783,0828,7786,6033
6784,4810,3140
6785,9903
6787,8662,4003,4042,0374
6791,7621
6798,Z004,2081
6800,8747,4998
6802,3658,0274,0828,6183
6805,0527,0323
6808
6809,4969,3239,4500
6810,4363,9270,8728
6812,2042,1144
6813
6814,1578,6815,2422,8094,2337
6815,6813,6814
6816,2719,3142,6456
6817,0907,9917
6819,0995,4147
6820,6819,6895
6821,1283,0757
6822,2756,9671
6824,9645,7412
6825,9671,6826
6826,9756,5404
6827,8218,7458,0829,5573
6828,6827
6829,5495,2817
6830,8574,6197
6831,9267,6675
6833,0866,3795,1883,9492
6834,2519
6835,0253,3544,3398
6837,0330,6838
6838,6837,1516
6839,1151,3185
6840,3369,7522
6841,7635,3381
6842,8229,8860
6843,8062,5523
6844,1302,0531
6845,6067,1772,1727
6847,6918,7577
6848,8848,4812
6849,6850
6850,6062,3937,7177
6852,6202,8914
6854,8223,6085,3673
6855,8922,0828
6856,4036,4487
6857,5547
6858,9632,6461
6859,2790,4795
6860,9115
6861,0949,4036,6385
6863,8306,8573,7771
6864,1890,0587,6865
6865,4248,6864
6866,9492,8583
6868,6845,6683
6870,6868
6871,6868
6874,0416,2263,8152,0232
6876,2118,6066
6877,6878
6878,0612,2456,2608
6879,4222,6524
6880,5755,3572
6882,5209,5921
6884,8043,0790
6885,4459
6887,9645
6888,9645,4639
6890,4990,5366
6892,7552,5230
6894,5850,0170
6895,4810,0495
6896,3540
6897,8916,8525
6898,645,2031,8682
6902,8327,7261,8922,1450
6903,8055,6455,2667
6905,8721,5972
6906,7594
6907,2608,6069
6909,8657,5876
6911,1517,2540,6838
6913,1771,4461
6916,9789,4005
6918,4571,5953,6847
6920,9557,1211
6923,8229,8860
6924,8636
6926,3948,8992
6928,0829,8636
6930,9490,1424
6932,0828,4978
6936,5459,7522
6937,6630,6072,9320
6938,1891
6940,8909,6441
6941,3649,8909
6943,6944
6944,6183,7488
6947
6949,6675,3267
6954,1028,3538,8190,6430
6956,8916,8525
6958,6959,4446
6959,3541,3538
6960,3711,1367,3676
6961,7751,1134
6962,5803
6965,7758,8699
6967,2004
6969,3258
6971,3258
6975,7776,5931,8068
6977,5386,2081,2890
6979,3540,1982
6981,8871,4427
6983,9492,3228,9276
6985,1068,6247
6986,Z640
6989,2116,0296
6991,5462,2092,0215
6995,9418,5795,2578,0023
6997,0263,8628,8646
7001,6524,0738,2328,2351
7003,0780,9882
7005,3658,9157,6802,0274
7009,5878,8268
7011
7013,4606,4273
7015,2354,1160,7081
7017,5391
7018,8585,5391,2047
7019,3716,6991
7020,0780,8197
7021,4088,8501
7022,1883,9158
7024,6072,2917
7026,3850,7461
7028,7029,7213,6524
7029,2573
7031,5168
7032,2608,4111
7033,9728,3567
7034,0204,8066,9696
7035,6522,0322
7036,0918,8554,2377,3265
7038,1985
7040,3266,7821,7659,9838
7042,9671,0226,3558
7044,7571,0452
7046,9231,8112,4070,5388
7047,4910,5464
7048,3508,1765
7050,4021,5927
7052,2112,3363
7054,5878,2575
7055,7637
7056,3542,2377
7058,1444,4844
7059
7060,8416,8019
7063,3256,3256
7066,9853,7717,7081
7069,9668,6826
7070,6819
7073,1713,5230
7077,1265,8599
7081,7015,6571
7083,7233,3026
7084
7085,2578,9860
7086,3567
7087,8223,6845,6067,1772
7088,1019,4478
7089,3501
7090,6392,8474
7091,9326,7207
7093,2351,0517
7096,8397,4354,4775
7097,3293,1500
7098,6553,6878
7099,6072,5463
7100,2137,8426
7101,1052,6538
7103,6444,0641
7104,7036,4202,0918,3439,8554
7105,0495,6031
7106,3891,7426
7108,7109
7109,8141,8986
7112,5484,Y416
7115,3085
7116,8482
7118,9728,5436
7120,6015,9096
7121,3937,7177
7122,3452,6711
7123,6779,6455
7124,6808,4060,7423,4970
7125,5055,3711
7126,6141
7127
7128,6276
7131,8066,8734
7136,8229,3833
7139,9736,9982
7140
7142,7458,1986,7177,2987
7148,3833,6983
7151,6072,2088
7154,5820,1031
7157,1023,8024
7160,Y034
7162,8682,6455
7165,8809
7167,4978,4978
7169,8971,8197
7171,5194
7173,4808,2446
7177,0612,0829
7181,0318,2289
7184,1727,8393
7186,0805,2223
7188,1435,3542
7191,3913,7009,8771
7195,2290,4848,4956
7197,0567,5168
7199,9778,1883
7201,5110,4437
7203,4060,4653
7204,3541,1415,1768,7345
7205,8327,5402
7207,9326,4916
7208,4912,8482,4231,4215
7209,7219,3318
7210,5168,1149,9231
7211,1052,6538
7212,8317,3939
7213,7029,7028,3323
7214,4067,3711
7215,0342
7216,2546,1264
7217,8737,4510,6501
7218,8495,3960
7219,7352,7209
7220,3966,4391
7222,8573,4612
7223,7223,7223
7224,9276,9277,9778
7226,8785,8525
7227,0487
7228,2817,9696
7229,6211,4437
7231,5763,8229
7233,7355,9158
7238,1499,2807
7239,2807
7240,9231,3567
7243,0770,0773
7244,9093,8856,7762
7247,8029
7248,4215,2831
7251,6359
7253,7154,1031
7255,7139,4337
7257,8941,5988
7259,1073
7261,8327,6902,1960
7264,5316,6151,3987,5903
7268,2112,1167
7273,4038,0025,4016
7275,0002,8845
7278,6668,1891
7281,3541,3307
7282,7281,7283
7283,3541,3538
7286,6354
7287,5955,6672
7288,8704
7290,2191,4161
7292,1633,8769
7293,7662,4036
7294,7771,3641
7295,5953,6400,8934,2050,7296
7296,6400,8934,1353,4593
7297,1353,4593,3926,8984
7300,2110
7302,6837
7304,5835,3839
7307,7308,0641
7308,6781,7307
7309,0641,5163,9775
7314,7081,8501
7315,8501
7317,3538,8266
7318,7317
7322,7746,6448,8749
7324,6538,5025
7325,6538
7331,9872,5486
7332,5665,9202,4519,4057
7334,7208,5878
7336,2004,3943
7338,7339
7339,5912,5186
7341,6625,1890
7342,9498,7341
7344,4567,4161
7345,5159,6067,8223
7346,0668,4086
7351,2391,7352
7352,7351,0829
7354,1604,6381
7355,1283,3795
7357,3711,5867
7360,1367,3711
7362,7363,9462,9828
7363,3540,7554
7365,9872
7366,4589,0317
7369,8927,8118
7371,6183,1890,8143
7372,2928,2814
7373,5459,7522
7374,5775,8058
7375,1910,4558,4557
7376
7377,3929,3703
7378,4068
7380,1910,5835
7381,1606,5209
7382,9533,8871
7384,4337,9441,9819
7385,5025,4916,7126
7387,3468,0186
7388,0883,6355
7389,6513,3771
7390,9671,9671
7391,2112,7392,4468
7392,7391,4468,3416,4468
7393,4810,9132
7395,1984,3021
7397,0567
7398,0404
7399,2932,2113
7400,8055,6779,8682
7401,7700,6305
7402,9533,3996,3643
7404,3053,8541,3404
7405,2817,8066
7406,8073,8809
7407,8073
7408,2569,2376
7410,7538,4855,8787
7412,6888,8585
7413,1328,6116
7415,0883,9490
7417,9448,3731
7418,7126,2872
7419,8074,4785,9440
7420,1265,4876
7421,9728,3567
7422,9668,6826
7423,6513,1495
7424,5803,3245
7425,3643,7710
7426,9829,0560
7429,0630,5378
7430,2118,1869
7431,6520,3479
7432,4605,4068
7433,6745
7434,3005,9755
7435,1078,0432,8888
7436,8929,4440
7437,8813
7438,5159,6098,0021
7439,4773
7440
7442,8523,6375
7443,0936,5955
7445,6571,8051
7446,5165,5159
7447,8941,3947
7448,1294,8023
7449,9829
7450,7449,1465,4567
7452,8911,4815
7453,3013,5366
7454,7455
7455,6855,3536
7456,5547,8079
7457,1845
7458,6187,0829
7459,0876,0664
7461,1890,5912
7463,2817,8066
7464,8829
7465,0587,0612
7466,6183
7467,8916
7468,1888,0872,1799
7469,6019
7472,5850,1328
7473,7472
7476,9413,2391
7480,5338,2644
7482,7483,9488
7483,0235,1134
7485,3522,0661,6089
7487,0397,9158
7488,0263,8646
7492,2301,3061
7494,2971,2993
7496,1960,8146
7498,9868,7819
7503,3142,5851
7507,9791,8164
7509,4695,2004
7512,5391,2205
7514,4036,3874
7517,4745
7518,7519,3538,6444,3537
7519,2110,7518,1103
7520,4207,7538
7522,0649,0834,6683
7524,9371,8999
7526,4440,2543
7528,5625,9557
7530,9492,1883
7532,6388,9831
7534,4567,3763,4065
7536,5253,5965
7538,4207,7410,7522
7540,2827,0877
7542,5683,3284
7544,7081,3711
7545,5567,0664
7546,8525,8809
7547,6930,8809
7549,7550,5314
7550,9170,9903,8134
7552,3036,3034,5230
7554,0876,2578
7556,1911,6634
7558,0938,0319,0432
7560,6775,6202
7562,9492
7569,4246,2593
7571,6093,0907
7573,4581,8229
7575
7577,4571,6847
7578,6364,6164,6126
7579,0883,6126,1557
7580,9371,8999
7583,3716
7584,7585
7585,8327,9872
7586,5547,4233
7587,0970,5825,8268
7588,7623,5144,0205,5463
7594,0918
7596,6683,5803,9761
7599,6578,8721,4049,Z003,5972
7602,7604,1572,4601
7604,6513,2608,7602
7606,5404,5753
7608,8573,5945
7610,9978,8638,2043,4701
7611,4215,8702,8638
7613,6683,7780
7615,7554,Y059
7617,7618,8305,0063
7618,1328,7617,6705
7621,8573
7623,1865,9993,6072
7625,0918,0938
7627,6683,7823
7630,1328,5960
7635,9750,5702,6841
7637,6072,5025,7126
7639,9993,0358,6072
7641,8573,6513
7643
7645,6513,5568,3771
7647,4049,Z004,6798
7648,6578,4049
7650,6683
7652,2608,7820,0860
7653,7652
7655,1328,8305
7659,7040,5414,8305
7662,7663
7663,4810,7662,8573
7665,8721,5968,5973
7667,5404,4634
7669,5404,3972,0141
7673,6683,7823
7675,0938,0432
7677,0213,8573
7679,7680,3593,2232
7680
7682,0938,6683,2837
7684,9750,6063
7686,3991
7689,7690,0063
7690,1328,5960,4976
7691,7689
7692,5404,9750,3381
7694,5803,0514
7696,4215,2043
7698,8662,2608,3215,2233
7700,7401,6072
7703,0397,9158
7705,7522,6868,1071
7707,8772,3921,7940
7710,4161,0380,6805,4074
7711,7710
7712,8451
7715,5263,5055
7717
7722,6524,5584
7724,6524,5584
7726,7727,6683
7727,6845,6392,6683
7731,5025
7733,6462,8201
7735,2491
7737,2112,0938
7740,6764,1432
7742,9791
7743,2118,6592,2939,7522
7744,0944,0332
7746,5168,7397,6448
7748,1388,6055
7751,8076,3637
7753,8806,3541
7755,1799,9418
7757,4309,1160
7758,0612,3272
7760,1772
7761,3637,7483
7762,9557,7244,8856
7764,8809,7415
7768,8562
7771,3641,0829,5622,1073,7294,0544,8573
7773,1736,4231
7775,6855,3536
7776,0803,6115,2104
7777
7778,9557,0416
7780,0231
7782,7783
7783,8728,3034
7786,6033,2391
7788,3497
7790,3121,0385,5763
7792,8984,6981
7796,1328,5960
7798,1804,8769
7800,2601,8573
7804,8381,9725,7344
7806,8971,6692
7807,6937,3794
7808,4687,8201
7810,3775,4358
7812,9311,7208
7814,7207,8468
7819,9671,4117
7820,7652
7821,7040,3266,7223
7822,5025,6133
7823,7673,7627
7824,5355,3366
7825,9627,9703
7827,6563,3196
7830,8148,9819
7833,2376,0702,5578,2289,8268
7836,1765
7838,5140,1799
7841
7844,8860,0883
7847,7848
7848,3537,8311
7850,4403,1707
7852,1052,0666
7854,8041,6571,8051
7857,Y440,3937
7865,5523,2113,2401
7873,7907,4081,5287
7875,5287,6359
7877,7208
7880,7009,0389
7881,0702,2517
7887,0291,7208
7890,0612,5368
7892,8229,7893
7893,7892,6837
7897,9828,0829
7898,7897
7907,7873,4081,5138
7911,9778,0397
7920,5637,4758
7940,3660,9859,6838
7950,2266,6813,8545
7955,8137,1093,4219,8845
7960,5271,9251
7970,5923
7975,1838,7652
7978,0828
7982,0529,6168,5820
7985,5677,6897
8001,6093,4820
8005,8721,5972
8007,2113
8009,6332
8010,8929,6814
8012,7302
8013,6578,4049
8014,8015
8015,8666,8721
8017,7096,2578
8019,2834,8416
8021,0877,2203
8023,8024,4233,8079,7448,1111,,
8024,0397,2317
8026,8201,9023
8028,8029,5921
8029,6576,2118,4542
8031,0829,8076
8033,9872,3716
8034,0828,4978
8037,1873,7212
8039,9791
8040,7641,8129
8041,4625,7854,8051
8043,7776,0790
8044,8043
8045,2084,2578
8046
8047,0873,0558
8048,0876,0696
8050,9627,9703,9177
8051,8721,4625
8052,8152,4014
8053,8052
8054,6997,4499
8055,8141,0605,2703
8057,0587,6878
8058,5584,2078
8060,1826,0683
8061,3816,3794
8062,0019,4762,3912
8063,8101,2490
8065,3711
8066,5850,1328
8068,2354,2860
8069,8068
8072,8074
8073,9158,6781
8074,7419,1772
8076,9816,0829
8077,2491,0495
8078,8585
8079,0688,0627,8023,7456
8080,3544,8081
8081,9627,5778,3544
8083,5168,8279
8085,0027,2461
8086,8911,8615
8088,1972,8137
8090,0008,0890
8092,2608,2456
8094,6814,2266
8095,4695
8097,3544,8714
8098,2221,9326,4957
8099,8098
8101,7594,7594,2377,8101
8102,2768,7024
8104,2262,1469
8105
8106,5366,4161
8108,6453,6444
8110,7229
8111,4810
8112,0654,9231,7046
8113,0668,4086
8114,9326,4036
8115,5311,5919
8116,6563
8118,8229,8607
8121,8122
8122,8905,7362
8125,7650,7627
8126,9984,4496
8127,7776,5802,5931
8128,8147,8914,3544
8129,5911,0847
8130,9912,8912
8131,2703,8098
8132,3718,1960
8134,7550,9903,4352
8135,8024
8136,7295,8933
8137,7955,2830
8138,4113,7223
8139,6937,3794
8140,4435,9158
8141,8055,8845,0605,7109
8143,1890,6183
8144,8728,3960
8145
8146,8147,6183,1960
8147
8148
8149,1490,2768
8152
8153,3542,1087
8155,8156,7897
8156,7897,6187
8158,1799,7363
8160,3540,1693
8164
8165,0587
8168,8992
8170,5187,6907
8173,6151,6234,0419
8175
8177,0918
8181,5168,6566
8183,0612
8184,2452,2453
8186,8783,0630
8190,1028,5159,6954
8193,1911,3146
8194,9886
8196,0704,6014,2517
8197,0780,0697,8146,8033
8198,1891,9872
8199,Z196,Z120
8200,6462,8201
8201,0330,2186,4687,6441
8202,4802,0541,4603
8203,2917,9320
8206,3538,3537
8207,4850,0963,2833
8209,3951,7522
8211,8066,9696
8212,4475,4733
8214,2892
8215,8771,8373
8218,7458,6827,5573,4915
8220,6276
8221,4036,5850
8222
8223,8544,7345,1772
8224,9440
8225,8128,1910
8229,3818,8583,2262,8837
8230,1911
8231,1727,8231
8232,1891,1890
8234,9177,6366,3468
8235,1269,5637
8236,5919
8237,1444,5820
8238,0876,7554
8239,6855,3536
8240,6874,9557
8241,8043
8242,0138,1246,4114
8243,6826,2546
8244,6498,8243
8246,5523
8247,8740,4834
8248,9984
8250,0663
8251,5391,5355
8252,4276
8253,4251,3794
8254,2751,6062
8255,6455
8257,8721,5972
8259,7432,3873,1682
8260,7438,6139
8262,8263,4347
8263,6991,8922
8265,6066
8266,5212,6430,4103,8265
8268,7009,8311,7833
8270
8272,0021,5835
8274,4791,9711
8276,6098,2011,9474
8278,6267,9347
8279
8282,3881,2505
8283,9855
8284,4337,0735
8285,9372,0752
8286,3655
8287,4741,2248
8288,8229,8860
8290,8291,1727
8291,6868,6664
8293,5886,1216
8295,9492,9277
8297,8809
8298,8021,4473
8300,1495
8302,0402,2052
8303,9791
8304,6359,1535
8305,2872,0063
8306,0829,0829
8307,7216,2546
8309,4263,9734
8310,8897,8311
8311,4437,1540
8316,8317,3937
8317,3937
8318,2814
8320,7897
8322,8955,7038,1869
8323,9671
8325,5878,1435
8326,8327
8327,0697,3540,6183
8329,1285,8728
8331,9886,6498
8332,4461,1772
8333,1772
8334,3313
8335,5886,9778
8336,2839
8337,4254,5165
8339,8941
8341
8342,6814,9671,7059
8343,4043,8662
8346,5835,6098,9004,3019
8347,3540,6465
8349,3233,5755
8350,8544,3673
8351,4825
8354,0885,8355
8355,7518,0885
8356,8229,6478
8358,8229,8860
8359,3542
8363,6888,8585
8368,4147,2332
8369,8134,2764
8370,1068
8371,Z001,Z125
8373,5110,5117
8374,3831,9876
8375,2262,5818
8377,3996,8378
8378,8871,8929
8381,0642,4567
8383,3711,4231
8385,Y827,0135
8386,6067
8388,6376
8391,4215,4215
8393,5921,3001,6683,0183
8394,1247,8156
8395
8396,8395,0285
8397,2012,7096,3983,8298
8399,8222
8402,5850,0852,2817
8405,8811,4088
8406,4365,8406
8408,0899,8137,3775
8410,1985
8411
8412,6151,8603
8415,6563,0831
8416,7362,8662
8417,8416
8419,7214
8420,6826,2546
8421,8383,0410
8423,1837,1292
8425,7199,9157
8426,8783,2371,8283
8427,3886,8533
8429,8984
8431,5411,8482
8433,8916,8525
8435,0553,3988,2829
8438,5306,4276
8439,4981,9816
8441,4106,4889,1388
8446,7554,6224,9688,6077
8448,1847,6839
8450,8451
8451,7710,2221
8452,7363,7362
8454,3590,1639
8456,9886,6498
8457,8456
8461,2242,0170
8465,2301,6880
8468,9326,0170,4036
8470,9791
8472,2112,5194
8473,1890
8474,5921
8475,8206,5159,1028
8479
8480,0795,8479,8743
8481,7550,6714
8482,2517,0918
8487,8860,9743
8488,4403,9791
8490,5964,1576
8491,8539,4246
8493,5120,0074,4876
8495,3741,8585
8496,8495
8500,0780,0274
8501,0859,4088
8502,8501
8505,8055,3881
8507,4513,8737,6510
8510,6907,1838
8513,3233,8586
8516,8912,3590
8519,1516,6091,2809
8521,9557,6378
8523,0626,8794
8525,9764,8806
8527,0703,9816,5903,6087
8529,4272,9298
8531,8533
8533,8197,6991
8535,3190,8813
8536,8813
8539,4245,8761
8541,9662,3960
8542,8541
8544,3673,0703,2437
8545,5871,8993
8548,1736,4066
8552,0993,4978
8554,7036,0918,3265
8556,8073,7518
8558
8559,7662,8559
8560,9817,0235
8561,8160,7363
8562,6566
8563,7384,8982
8565,4047,4051,6977,0414
8567,8929
8569,2608,7223
8571,3572,4482
8573,0829,7641
8574,8327,4350,8146
8575,8574
8576,6926,9671
8578,9326
8581,7472,4553
8582,8265,8955
8583,8229,8769,6983
8585,6256,7018,1285
8586,8794,8349
8587,5815,5818
8589,8065,8642
8590,7544,6267,3148
8591,3544,8714
8592,0170,8098
8593,8416,7362
8595,2578,7363
8596,8544
8597,0239,0666
8598,7677,7621
8599,5120,0074
8601,0649,6845,3601
8603,0829,6151,8527
8604,1575,4987
8606,6538,1388,4106
8607,9158,8118,0755
8608,8495,8585
8609,7522,6392
8611,8612,9789
8612,8068,9789
8613,9778,4356
8614,2601
8615,0918,7594
8617,5591,1837
8618,7596,4401
8620,4151,4151
8621,4683,0027
8622,0649,2118
8624,8544,3673
8626,0829,8626,7458
8627,1031,9671
8628,3216,8646,6997
8631,8374,2263
8632,0345,8845
8634,2601,8573
8636,9817,3641
8638,2377,7610
8639,6578,2090
8640,3669,1588
8641,4917
8642,9762,7544
8644,4409,4036
8646,6187,3967
8649,8651,1734
8650,9754,8651,8929
8651,8650
8653,3937,6850
8654,3435
8656,7552,4272
8657,6947,8929
8658,4827,4783,1911
8659,9791
8662,2578,9828,7698
8664,7897,1999
8665,8131
8666,8181,7397
8667,1883,7022
8668,1285,9662,3404
8669,1176
8671,8146,6183
8674,3711,9761,0858
8675,8674
8677,7397,6448
8678,3433,5921
8680,5391,9671
8682,6779,6455
8684,6114,9773
8686,3673,2332
8690,6187,5964
8692,8265,8955
8694,2527,3433
8696,9816
8698,8699,8698,1873
8699,8782,7897
8700,8699
8702,2377,7611,8717
8704,7450,0236,3506
8705,4855,6845,5921
8708,9320,6634
8710,6424
8712,8311,9780
8714,8806
8717,8702,0918,9819
8721,2201,4500,0567,7599
8723,7264,0984
8725,0612
8726,6936,7522
8728,1265,3960
8729,4606,0988
8731,8760,3325
8734,0170,7405
8736,4513,1633,8778,9371
8737,6510,4510
8738,6874,9557
8740,6874,8813
8743,1087,8480,8479
8744,Z202
8745,8747,4459
8746,Z004,Z003
8747,7177,7121,0054
8748
8749,6448,7322,9294
8753,7207
8755,0226,3985
8757,8758
8758,3716,8922
8760
8761,8760,8932,0304,2593
8764,8941,4813
8765,8764,4813
8768,1891,4905
8769,0697,8583,3781
8771,4437,5117
8772,8201,6837,0348
8774,4703,8845
8776,3540,1831
8778,9617,0558,8736
8779,3540,1891
8782
8783,8782,2608
8785,8229,9727
8787,8705,8903
8791,8794
8792
8793
8794,4272,5355
8795,8160,7372
8796,9816,8603
8798,2301,8523
8800,8801
8801,0780,9492
8806,8916,3544,8809,3541
8807,1422
8808,8809
8809,9764,1103,8806
8811,5055,0825,9761
8813,8845,4014
8815,3789,0597
8816,8160,2814
8818,3905
8819,7459,3829
8820,3540
8821,7459,0876,9182
8824,2736,0016
8825,8135
8826,6444
8828
8829,7177,6513
8830,6578
8831
8832,0417,9441,4231
8833,8829
8834,8916
8835,4859,7518
8837,2262,8229,8860
8840,5564
8842,8843
8843,7848,5159,8842,6773
8845,3761,9371,0416,0345
8846
8848,5338,3164,1201
8850,5661,1317,3818
8852,0780,9492
8854,2565,0170
8856,7244,7762,4276
8858,7001,4151
8860,4411,8375
8861,8065
8863,8922,8146
8865,5294,5958
8866,5142
8868,8451,2703
8870
8871,3926,8984,7710
8872,8868,9326
8874,8875,8931
8875,2112,2596,8874
8876,8585,1972
8877,8919,1615
8879,1891
8880,8556,6444
8882,5425,7726
8883,0883,8135
8886,1353,6400,3926
8888,7435,2040
8890,5391,2756
8894,3544,5835
8897,1195,6773,3913,8311
8898,Z638,2578,Z668,Z561,Z552,Z673
8899,3540,5271
8900,6859,1192,3684,4795,2129
8901,4510,0332,4795
8903,7538,1615
8905,7363,8662
8906,8905,7362
8908,8909,9655
8909,3649,6444,3556
8911,0918,1333
8912,4567,4161
8914,8147,8916,8128
8915,3544
8916,4128
8919,8705,8903
8921,8922,8757
8922,8327,2092,4821
8924,4222,6524
8927,9158,8916
8929,8932,4074,3361
8931,8941,8874
8932,8934,8929,8760
8933,6847,4245,8934
8934,7296,7295,8932,8933
8935,8941,3947
8938,6465
8939,1799,3540
8941,2112
8942,7257
8944,2823
8945,8946
8946,1633,8769
8948,3478,2115,0702
8949,0036,2110
8951,3542,2377
8952,3542,2239,0452
8953,2112
8954,9791
8955,5658,1869,9144,8748
8956,0274,9872
8958,8585
8960,5835,3019
8962,8860,7893
8963,8229,6837
8965,8585,1972
8966,8965
8968,6392,8474
8970,8327,8971
8971,2598,8327,0780
8973,3563,4272
8976,8809,6453,7300
8978,0240
8979,0274,8197
8980,3658,0780,3716
8982,0735,3533,5314
8984,8929
8986,8845,4276
8987,7458,2987
8989,0194,9050
8992,1093
8993,2266,8992
8995,4295,8996
8996,8995,8845
8999,7524,6359,0898
9001,7483
9002,1101,2291
9004,0848,0267
9005,7459,3829
9007,9326
9020,9492,9277
9022,9023,2001
9023,6837,8772
9024,8971,8197
9026,8916,8809
9028,8024,9158
9030,6779,8055
9032,3538,9434
9034,6565,6423
9035,5194
9036,9778,9158
9037,0397,9036
9039,9158,9490
9040,3735,9490
9043,2913
9046,7819,3558
9048,1422
9049,8809,9050
9050,8989,8809
9053,6947
9055,1412,7731
9056,5564
9057,7727,6258
9061,7228,3965
9063,4758
9067,4390,9067
9068,0054,6513
9070,9071
9071,8922,8439
9072,9071
9073,9165
9075,4411,2393
9076,9075,3634
9092,0457,8374
9093,8585
9095,6513,4060,1504
9096,6015,Y827
9097,3877,4695
9101,4128,8229
9103,2987,7177
9105,4682,2519
9106,3943,4682
9107,3847
9108,9251,9109
9109,1891,8327
9111,6625,1890
9113,1799,8158
9115,4687,0546
9117,7363,7362
9119,2288,4276
9121,1079,8612
9128
9132,3479,2437
9135,9816,8223
9138,5498,1715
9139,7208,8482
9141,8482,1540
9144,8955,8748,1778
9146,4939
9147
9149,8128,1910
9150,3482,6558
9151,4437,6346
9153,9154,7177
9154,8829,0829
9157,3659,8147
9158,8229,8147
9163,5850,3969
9165,5184,0834
9168,3716,6672
9170,9903,9171,4215
9171,9903,9170,2376,3542
9172,7208,4337
9173,9170,4337
9177,6366,3544
9179,5878,5578
9180,9179
9182,0876,0664
9183,1890,0179,8164
9185,8095,0139
9188,6764
9189
9192,0661,7819
9195,6991,8922
9198,1596,8066
9202,7332,8148,4057
9205,4275,2452
9207,1898,8201
9210,8845
9214,9903,7384
9216,8890
9218,9216
9220,1799,6224
9222,5261
9225,1795,1370,9699
9227,8279,0471
9228,9490,8073
9229,2376,9903
9231,4309,0567,2338
9232,9231
9234,2360,7755
9236,2452,5391
9239,6334,8201,6837,9693
9241,2817,8066
9247,4036,5850
9249,0227,9886
9251,1891,8327
9255,0281
9256,9761,8674
9257,9761
9259,8554,2377
9261,5454,8266
9263,5489,9264
9264,2437,6221
9266,5523,0019,5523
9267,6937,1984
9268,5025,1412,3805
9269,8592,3302
9270,4876
9272,0785,1103
9274,5391
9276,3228,6983,7224,9277
9277,7224,9276,2622
9280,5580,0664
9282,1535,3296
9287,9205,4226
9288,5404,0141
9291,6534,2519
9294,8677,6448
9296,1736,4231
9298,9841,2247
9299,8809
9301,3818,8229
9303,5755,3572
9305,4567,0642
9307,6465,1765
9309,6183,0263
9310,4917
9311,9819
9312,9311
9315,3932,3976,1299,5910
9316,4248,0587
9318,0876,3956
9319,6630,9318
9320,3794,2221
9322,9320
9323,8721,5972,5968
9326,8868,4916
9328,1768,4855
9331,9332,3482
9332,2481,1772
9335,4337,0735
9338,7363,7362
9341,2483,8657
9344,8573,4612
9345,7682,5168,3889
9347,2354,9147
9348,9347,3435
9353,5850,0468
9355,5282,1019,4773
9358,9359,9359
9359,4459,6513
9362,1606,2527
9363,5523,4899,3433
9366,1011,3403,5775
9369,6859,9371
9370,8736,0394
9371,8845,8736,5865
9372,8769,0780
9375,9376
9376,2084,2578
9378,8993,9671
9381,3720,9205
9387,6932,0829
9389,4639,3053
9392,2004,4682
9394,8545,3565
9402,8525,8809
9410,9761,3711
9413,3318,2391
9418,8048,3540,5402
9423,0970,6312,6621
9425,4810,Z640
9428,9778,3136
9431,5921,6845
9433,8206,1028
9434,0885,5159
9437,8809,6930
9438,1019,2116
9440,3482,7419
9441
9442
9444,8501
9447,9448
9448,8146,4837,8922
9450,8922,6487
9451,0828,6932,3810
9452,3540
9454,6876,8062
9456,3860,4577,5189
9457,7585
9458,1201
9459,7024,0139
9460,5818,4437,0493
9462,6625,1890,7362
9463,1890,9111
9465,7009,0333
9467,3540,1891
9470,9903,5805
9472,1843,2220
9474,8266,3019,6066
9475,6066
9477,2517,1540
9478,9872,7585
9482,8374,2263
9483,4041,2263,2262
9484,8393
9485,6625,6465
9486,3258
9488,0235
9490,6453,6775,9158
9492,8769,1883
9494,8266,2271,9474
9496,5603,0702
9498,6465,7341
9533,6947,3996,2078,7402
9553,4276,1719
9554,5328
9557,9093,7077
9572,8721,5972
9575,1761,3684,2200
9578,3996,8871
9582,4603
9597,8835,6444
9604,6141
9606,4276,1719
9607,0247,8929
9608,4161,7001
9609,5835,2701,5159
9610,3541,5835
9614,1287,0818
9615,0026,4123
9616,5251,6947
9617,0560,4567
9618,6049
9620,3561
9623,7450,8704
9625,0605
9627,3536,5159
9629,5878
9630,9632,0772
9631,9634,9632
9632,7841,2386,4739,9630
9633,9634,9712
9634,8860,0773
9636,1328
9639,3924,5850
9641,9642,6538
9642,4682,6538,1052
9643,4012
9644,9653,9645
9645,9653,8585
9646,5707,9728
9647,8048,0877
9651,6737,5643
9652,9653
9653,1684,4639
9654,8794,5755
9655,9859,8908
9656,6247,6578
9658,4606,6682
9659,3572,2756
9660,9893
9662,9389
9663,9731
9664,1333
9665,4837,6855
9668,6826,5151
9670,7018
9671,8929
9674,5584,5775,2078
9675,5921,2527,6683
9676,5425
9677,8860,0883
9678,0466
9679,0466,6455
9681,2578,6406,4043
9683,5878
9684,1238,6072
9687,0603,8585
9688,7554,6224,6077
9689,8860,9691
9690,0866,8147
9691,8860,1517
9692,8916,7985
9693,6837,9239,7302
9694,2004
9696,5850,1328,8066
9697,5535,5461
9698,4254,3537
9699,0567,1370
9701,6809,3838,2280
9702,9264,5489
9703,3544,9177
9705,6264,2946,4365,6661,7223
9706,9703
9708,4743
9709,9671
9710,0517
9711,4791,8274
9712,1110,9633
9714,8573
9715,6524,5584
9716,7970,5923,7773
9718,9093,7528
9720,0735,4215,5314
9721,7208,0207,0918
9722,4808,1188
9723,2113
9724,0317,5523
9725,7804,8381,4161
9726,5547,0882
9727,1216,8916
9728,5707,2104,7680
9729,6392,5564
9730,9731,6775
9731,9490,8916
9732,8971,8197
9734,4263,8073
9736,9170,4337
9737,8516,2191
9738,2626
9739,5648,6346
9741,5755,5952,8349,8794
9742,8198,9872
9743,8487,2101
9745,5874
9747,4253,4981,9816
9748,5159,4907
9749
9750,4113,9671,7692
9752,2834,8593
9753,8055,9774
9754,8650,8657
9755,6513,5568
9756,9671,2301
9757,4036,4825,5850
9759,3669,1588
9760,6185,6607
9761,1830,4500,3510
9762,8065,9761,1367,6204,8642,5461,2308,1082
9763,9761
9764,4579,5338,3164
9765,9728,9767
9767,9765
9768,9765
9769,6187,6944
9770,4151,8451
9771,6066,4773
9772,8186,0630
9773,6513,5568
9774,8055,3881
9775,9749,0036,7309,5842
9778,8229,1283
9780,4484,3478
9781,2108,1125
9782,9819,5878
9785,1093,1972,6256
9788,2894,9868,3522
9789,8068,6566
9790,9791
9791,1890,6878
9793,5815,9460
9794,3540,8879
9797,2391,4978
9798,9728,1795
9799,6498,3669
9801,0042
9802,9801
9803,9662,3404,7777
9805,9170,0735
9806,8201,9023
9808,8852,9492
9810,4513
9811,5878,8479
9812,8066,0170,5612
9813,0785,1103
9814,9557,8845
9816,1915,0495
9817,0829,1134
9818,4810,2332
9819,2376,5578,4215,8702
9821,8646,7177
9822,8048,0877
9824,1790,2980
9825,4835,9627,3544
9828,7362,1890,8662,2608
9829,3956,0560,2004,4683
9831,7532,7727
9832,4963,6123,2395
9833,5671,7431
9835,2354,0859,0859
9836,8229,8860
9837,2116,0061,1426
9838,1328,4916,3385,7040
9839,9182,7459
9840
9841,4272,9840
9843,3313
9844,5200,8265
9845
9846,8043,0790
9848,7207,4036
9849,0286,7154
9850,8545,1093
9851,8986
9852,2004,4682
9853,9347,7015
9855,8164,2608
9856,9855,2608
9857,4215,4224
9858,7302,0641,9859
9859,0773,6441
9860,8160,0161
9865,0587,2608
9867,1517,2588
9868,5391,2894,9788
9871,5856,6775
9872,8147,6625
9873,9872
9874,8009,2759
9876,9093,1570,0605,8374
9877,9872,7341
9880,4656,4159
9882,0987,0752
9886,1880,0170
9892,9893,9828
9893,2834,8905,8662
9898,1715,2351,0517
9903,1830,9904
9904
9906,3542
9909,7208,9170
9912,4567,4940
9917,1736,3876
9920,0661
9925,5673,1984
9927,0642,4567
9930,6895,2491
9934,9935
9935,1799,2084,4043
9938,5835,0155
9942,7214,0281,5868
9952,1328,5960
9955,5707,1795
9957,8104,2100
9959,9710,2603,1229
9962,2917,3021,4827,1790
9967,8934,8984
9970,6634,1911
9971,7459,8818
9978,2082,7610,7696
9980,0227,0227
9982,9736,7139
9983,3536,5241
9984,4750,2835
9985,1331,9801,0042,4231
9987,2308,1082
9990,9454,0018,5341
9991,2980,0713
9993,7639,7623