country,count,housing,income,jobs,community,education,environment,governance,health,satisfaction,safety,balance,housing0,housing1,housing2,housing3,housing4,housing5,income0,income1,income2,income3,income4,income5,jobs0,jobs1,jobs2,jobs3,jobs4,jobs5,community0,community1,community2,community3,community4,community5,education0,education1,education2,education3,education4,education5,environment0,environment1,environment2,environment3,environment4,environment5,governance0,governance1,governance2,governance3,governance4,governance5,health0,health1,health2,health3,health4,health5,satisfaction0,satisfaction1,satisfaction2,satisfaction3,satisfaction4,satisfaction5,safety0,safety1,safety2,safety3,safety4,safety5,balance0,balance1,balance2,balance3,balance4,balance5
FRA,2311,1.00593667,0.877439936,0.978756442,0.974843129,1.134021873,1.066913429,0.747547799,1.184097333,1.113704053,0.868953152,1.047786183,0.012115967,0.073561229,0.118563392,0.342276071,0.270445695,0.183037646,0.021635656,0.120726958,0.198615318,0.35742103,0.181306794,0.120294245,0.01947209,0.101254868,0.11120727,0.308957161,0.273474686,0.185633925,0.015577672,0.112938122,0.145391605,0.280398096,0.213760277,0.231934228,0.009952402,0.078753786,0.061012549,0.195586326,0.276936391,0.377758546,0.011250541,0.088706188,0.11683254,0.221981826,0.242752055,0.31847685,0.035482475,0.235395932,0.225010818,0.270445695,0.129813933,0.103851147,0.008221549,0.06404154,0.054954565,0.1683254,0.286023367,0.418433579,0.011250541,0.083946344,0.08481177,0.203807875,0.244482908,0.371700563,0.019904803,0.170921679,0.179575941,0.291215924,0.188662916,0.149718736,0.01254868,0.105149286,0.099524016,0.252271744,0.216789269,0.313717006
USA,1757,0.919290945,0.926814449,0.972256019,0.924950179,1.106531637,1.010723178,0.789730539,1.114548093,1.204468705,0.962637003,1.068049253,0.012521343,0.142857143,0.125213432,0.302219693,0.210017075,0.207171315,0.016505407,0.139442231,0.125213432,0.317017644,0.200910643,0.200910643,0.014228799,0.135458167,0.083096187,0.253272624,0.274900398,0.239043825,0.014228799,0.162777462,0.12179852,0.238474673,0.207171315,0.255549232,0.010813887,0.108138873,0.049516221,0.157655094,0.231644849,0.442231076,0.015367103,0.132612408,0.080819579,0.207740467,0.221969266,0.341491178,0.02618099,0.230506545,0.180421172,0.250426864,0.158793398,0.15367103,0.008537279,0.105293113,0.043255549,0.143995447,0.263517359,0.435401252,0.006260672,0.09277177,0.030734206,0.09277177,0.208309619,0.569151964,0.017074559,0.150256118,0.083096187,0.232783153,0.253272624,0.263517359,0.016505407,0.125782584,0.080819579,0.163346614,0.198064883,0.415480933
DEU,1015,0.930914514,0.880905338,0.952392663,0.934409381,1.117937555,1.055286105,0.754119252,1.137361156,1.182403427,0.973505596,1.080765013,0.01773399,0.096551724,0.123152709,0.309359606,0.283743842,0.169458128,0.020689655,0.105418719,0.174384236,0.349753695,0.20591133,0.143842365,0.015763547,0.093596059,0.116256158,0.264039409,0.329064039,0.181280788,0.013793103,0.117241379,0.123152709,0.287684729,0.230541872,0.227586207,0.00591133,0.071921182,0.051231527,0.174384236,0.327093596,0.369458128,0.008866995,0.075862069,0.092610837,0.218719212,0.275862069,0.328078818,0.026600985,0.187192118,0.218719212,0.322167488,0.153694581,0.091625616,0.008866995,0.0591133,0.043349754,0.161576355,0.290640394,0.436453202,0.008866995,0.056157635,0.049261084,0.141871921,0.242364532,0.501477833,0.01773399,0.095566502,0.105418719,0.265024631,0.258128079,0.258128079,0.012807882,0.068965517,0.082758621,0.212807882,0.264039409,0.35862069
ITA,930,0.943538975,0.871462144,1.011462301,0.950970001,1.078604008,1.058413657,0.864556187,1.130584525,1.10100653,0.959132959,1.030268713,0.012903226,0.092473118,0.125806452,0.292473118,0.264516129,0.211827957,0.011827957,0.131182796,0.137634409,0.33655914,0.219354839,0.16344086,0.006451613,0.101075269,0.078494624,0.24516129,0.295698925,0.27311828,0.006451613,0.113978495,0.101075269,0.276344086,0.239784946,0.262365591,0.006451613,0.084946237,0.062365591,0.169892473,0.23655914,0.439784946,0.007526882,0.087096774,0.077419355,0.167741935,0.253763441,0.406451613,0.015053763,0.176344086,0.119354839,0.252688172,0.2,0.23655914,0.006451613,0.078494624,0.02688172,0.16344086,0.253763441,0.470967742,0.010752688,0.083870968,0.05483871,0.149462366,0.196774194,0.504301075,0.007526882,0.121505376,0.093548387,0.253763441,0.267741935,0.255913978,0.009677419,0.098924731,0.08172043,0.208602151,0.209677419,0.391397849
CAN,681,0.957125986,0.958869676,0.98576632,0.910406796,1.106284171,0.977628695,0.790674631,1.126506501,1.148461757,1.007034927,1.031240539,0.008810573,0.140969163,0.082232012,0.296622614,0.218795888,0.25256975,0.008810573,0.152716593,0.079295154,0.283406755,0.221732746,0.254038179,0.008810573,0.143906021,0.07195301,0.207048458,0.295154185,0.273127753,0.010279001,0.182085169,0.101321586,0.251101322,0.215859031,0.239353891,0.004405286,0.126284875,0.032305433,0.151248164,0.234948605,0.450807636,0.008810573,0.164464023,0.069016153,0.221732746,0.215859031,0.320117474,0.016152717,0.256975037,0.139500734,0.259911894,0.162995595,0.164464023,0.008810573,0.12041116,0.022026432,0.104258443,0.22907489,0.515418502,0.002936858,0.139500734,0.026431718,0.101321586,0.211453744,0.51835536,0.004405286,0.165932452,0.066079295,0.176211454,0.24082232,0.346549192,0.014684288,0.136563877,0.052863436,0.214390602,0.193832599,0.387665198
GBR,489,0.983663215,0.927357161,1.016233267,0.905006892,1.070170289,1.013054522,0.747258678,1.138786001,1.195987777,0.925331512,1.077150687,0.022494888,0.137014315,0.08997955,0.284253579,0.267893661,0.198364008,0.022494888,0.169734151,0.112474438,0.323108384,0.192229039,0.1799591,0.012269939,0.151329243,0.08793456,0.257668712,0.249488753,0.241308793,0.014314928,0.208588957,0.149284254,0.218813906,0.208588957,0.200408998,0.016359918,0.159509202,0.067484663,0.155419223,0.245398773,0.355828221,0.006134969,0.157464213,0.108384458,0.222903885,0.231083845,0.27402863,0.038854806,0.290388548,0.165644172,0.263803681,0.132924335,0.108384458,0.00204499,0.134969325,0.040899796,0.159509202,0.257668712,0.404907975,0.010224949,0.128834356,0.026584867,0.09406953,0.251533742,0.488752556,0.010224949,0.218813906,0.120654397,0.243353783,0.196319018,0.210633947,0.012269939,0.159509202,0.069529652,0.1799591,0.196319018,0.382413088
AUT,473,0.995001232,0.898902565,0.96097683,0.879956798,1.006042744,1.102134749,0.728158565,1.179686654,1.143444223,1.080813447,1.024882194,0.006342495,0.067653277,0.114164905,0.291754757,0.243128964,0.276955603,0.012684989,0.078224101,0.169133192,0.361522199,0.241014799,0.137420719,0.016913319,0.078224101,0.086680761,0.304439746,0.317124736,0.196617336,0.012684989,0.11627907,0.181818182,0.302325581,0.207188161,0.179704017,0.006342495,0.099365751,0.11205074,0.192389006,0.262156448,0.32769556,0.006342495,0.076109937,0.044397463,0.181818182,0.266384778,0.424947146,0.029598309,0.198731501,0.221987315,0.315010571,0.147991543,0.086680761,0,0.057082452,0.023255814,0.158562368,0.21987315,0.541226216,0.00422833,0.065539112,0.033826638,0.171247357,0.238900634,0.486257928,0.00422833,0.073995772,0.078224101,0.202959831,0.234672304,0.405919662,0.012684989,0.073995772,0.11627907,0.22410148,0.196617336,0.376321353
AUS,451,0.986010354,0.926878142,0.968526951,0.962682593,1.077457299,1.019958032,0.819757514,1.116173848,1.13116488,0.973801854,1.017588532,0.026607539,0.192904656,0.064301552,0.239467849,0.206208426,0.270509978,0.013303769,0.237250554,0.095343681,0.250554324,0.164079823,0.239467849,0.015521064,0.215077605,0.062084257,0.22172949,0.228381375,0.257206208,0.00443459,0.235033259,0.093126386,0.195121951,0.188470067,0.283813747,0.006651885,0.208425721,0.039911308,0.124168514,0.188470067,0.432372506,0.00886918,0.22172949,0.057649667,0.155210643,0.186252772,0.370288248,0.028824834,0.301552106,0.133037694,0.188470067,0.152993348,0.195121951,0.006651885,0.199556541,0.015521064,0.11751663,0.199556541,0.461197339,0.013303769,0.186252772,0.019955654,0.12195122,0.177383592,0.481152993,0.006651885,0.241685144,0.077605322,0.179600887,0.188470067,0.305986696,0.015521064,0.21286031,0.075388027,0.170731707,0.159645233,0.365853659
MEX,425,0.956167348,1.007723673,1.004744771,0.893593871,1.153813327,0.93973308,0.859786549,1.060914197,1.117678048,1.00231035,1.003534786,0.018823529,0.197647059,0.096470588,0.258823529,0.197647059,0.230588235,0.007058824,0.216470588,0.082352941,0.2,0.216470588,0.277647059,0.011764706,0.214117647,0.058823529,0.176470588,0.237647059,0.301176471,0.018823529,0.251764706,0.12,0.230588235,0.155294118,0.223529412,0.007058824,0.183529412,0.051764706,0.103529412,0.16,0.494117647,0.016470588,0.24,0.084705882,0.183529412,0.185882353,0.289411765,0.007058824,0.315294118,0.101176471,0.230588235,0.141176471,0.204705882,0.009411765,0.195294118,0.058823529,0.141176471,0.209411765,0.385882353,0.018823529,0.192941176,0.025882353,0.112941176,0.162352941,0.487058824,0.018823529,0.235294118,0.054117647,0.136470588,0.183529412,0.371764706,0.011764706,0.221176471,0.058823529,0.2,0.157647059,0.350588235
CHE,316,0.913125485,0.986976628,0.951891872,0.923812811,1.069578507,1.040644589,0.713792716,1.150034668,1.146319798,1.007865549,1.095957377,0.03164557,0.142405063,0.101265823,0.268987342,0.265822785,0.189873418,0.018987342,0.110759494,0.132911392,0.243670886,0.205696203,0.287974684,0.025316456,0.123417722,0.082278481,0.259493671,0.300632911,0.208860759,0.009493671,0.151898734,0.158227848,0.268987342,0.208860759,0.202531646,0.009493671,0.126582278,0.060126582,0.170886076,0.243670886,0.389240506,0.012658228,0.123417722,0.069620253,0.202531646,0.253164557,0.338607595,0.041139241,0.284810127,0.189873418,0.221518987,0.151898734,0.110759494,0.003164557,0.101265823,0.025316456,0.151898734,0.268987342,0.449367089,0.006329114,0.107594937,0.034810127,0.151898734,0.212025316,0.487341772,0.009493671,0.136075949,0.098101266,0.231012658,0.215189873,0.310126582,0.012658228,0.123417722,0.056962025,0.212025316,0.196202532,0.398734177
ESP,314,0.941364192,0.889971652,1.02687917,0.915322412,1.128784557,1.003621693,0.833516452,1.155111069,1.119805425,0.973674216,1.011949162,0.025477707,0.136942675,0.105095541,0.257961783,0.242038217,0.232484076,0.022292994,0.127388535,0.143312102,0.334394904,0.200636943,0.171974522,0.012738854,0.121019108,0.092356688,0.194267516,0.334394904,0.24522293,0.022292994,0.156050955,0.111464968,0.257961783,0.238853503,0.213375796,0.006369427,0.117834395,0.035031847,0.127388535,0.270700637,0.442675159,0.00955414,0.130573248,0.066878981,0.242038217,0.267515924,0.28343949,0.025477707,0.203821656,0.133757962,0.289808917,0.171974522,0.175159236,0.006369427,0.114649682,0.031847134,0.095541401,0.257961783,0.493630573,0.00955414,0.114649682,0.035031847,0.178343949,0.251592357,0.410828025,0.025477707,0.140127389,0.060509554,0.194267516,0.334394904,0.24522293,0.022292994,0.124203822,0.066878981,0.210191083,0.248407643,0.328025478
BEL,272,1.020431354,0.94649211,0.997494156,0.896817704,1.11155615,1.029125577,0.713286419,1.16831513,1.160082688,0.966062756,0.990335954,0.022058824,0.077205882,0.069852941,0.220588235,0.371323529,0.238970588,0.014705882,0.113970588,0.125,0.279411765,0.283088235,0.183823529,0.011029412,0.117647059,0.073529412,0.246323529,0.330882353,0.220588235,0.018382353,0.147058824,0.136029412,0.297794118,0.235294118,0.165441176,0.011029412,0.084558824,0.058823529,0.143382353,0.286764706,0.415441176,0.011029412,0.088235294,0.128676471,0.1875,0.238970588,0.345588235,0.040441176,0.224264706,0.238970588,0.238970588,0.158088235,0.099264706,0.011029412,0.069852941,0.029411765,0.128676471,0.257352941,0.503676471,0.014705882,0.0625,0.044117647,0.143382353,0.242647059,0.492647059,0.025735294,0.088235294,0.113970588,0.279411765,0.235294118,0.257352941,0.018382353,0.125,0.084558824,0.216911765,0.264705882,0.290441176
PRT,271,0.93951087,0.988009315,1.047998683,0.878469352,1.04381915,0.996287009,0.846007365,1.05479162,1.142807882,1.014487505,1.047811249,0.007380074,0.188191882,0.092250923,0.291512915,0.236162362,0.184501845,0.011070111,0.158671587,0.099630996,0.236162362,0.250922509,0.243542435,0.011070111,0.158671587,0.055350554,0.191881919,0.291512915,0.291512915,0.022140221,0.188191882,0.095940959,0.302583026,0.232472325,0.158671587,0.018450185,0.166051661,0.014760148,0.169741697,0.26199262,0.36900369,0.018450185,0.158671587,0.055350554,0.232472325,0.239852399,0.295202952,0.014760148,0.225092251,0.118081181,0.291512915,0.195571956,0.15498155,0.014760148,0.15498155,0.018450185,0.132841328,0.335793358,0.343173432,0.014760148,0.132841328,0.05904059,0.088560886,0.236162362,0.468634686,0.018450185,0.15498155,0.033210332,0.21402214,0.254612546,0.324723247,0.022140221,0.140221402,0.044280443,0.162361624,0.250922509,0.380073801
TUR,246,0.95007709,1.00269074,0.972324411,0.921758568,1.081489806,0.992291369,0.852966517,1.090831473,1.058566781,1.066037214,1.010966031,0.020325203,0.280487805,0.069105691,0.227642276,0.191056911,0.211382114,0.024390244,0.243902439,0.105691057,0.150406504,0.231707317,0.243902439,0.036585366,0.264227642,0.073170732,0.158536585,0.199186992,0.268292683,0.024390244,0.31300813,0.093495935,0.170731707,0.138211382,0.260162602,0.028455285,0.243902439,0.040650407,0.12601626,0.166666667,0.394308943,0.024390244,0.260162602,0.101626016,0.12601626,0.182926829,0.304878049,0.028455285,0.349593496,0.150406504,0.211382114,0.06504065,0.195121951,0.020325203,0.219512195,0.089430894,0.105691057,0.182926829,0.382113821,0.028455285,0.24796748,0.06097561,0.093495935,0.170731707,0.398373984,0.012195122,0.260162602,0.056910569,0.191056911,0.150406504,0.329268293,0.024390244,0.292682927,0.081300813,0.130081301,0.162601626,0.308943089
JPN,191,0.977639185,0.914298875,0.989811137,0.919105112,1.059460882,0.974547108,0.764966675,1.079892355,1.104510377,1.179112061,1.036656233,0.02617801,0.188481675,0.136125654,0.261780105,0.188481675,0.19895288,0.015706806,0.230366492,0.130890052,0.287958115,0.178010471,0.157068063,0.010471204,0.214659686,0.09947644,0.246073298,0.214659686,0.214659686,0.005235602,0.235602094,0.183246073,0.256544503,0.151832461,0.167539267,0.005235602,0.214659686,0.062827225,0.183246073,0.214659686,0.319371728,0.010471204,0.214659686,0.130890052,0.22513089,0.219895288,0.19895288,0.020942408,0.335078534,0.219895288,0.246073298,0.083769634,0.094240838,0.010471204,0.209424084,0.057591623,0.115183246,0.277486911,0.329842932,0.005235602,0.209424084,0.047120419,0.178010471,0.209424084,0.35078534,0.005235602,0.188481675,0.020942408,0.136125654,0.235602094,0.413612565,0.010471204,0.22513089,0.094240838,0.183246073,0.188481675,0.298429319
HUN,185,1.000821641,0.936876607,0.971266946,0.960658289,1.060130837,1.04287173,0.784669842,1.091144625,1.103773951,1.058026143,0.989759387,0.010810811,0.124324324,0.07027027,0.281081081,0.324324324,0.189189189,0.010810811,0.135135135,0.140540541,0.275675676,0.27027027,0.167567568,0.005405405,0.145945946,0.118918919,0.232432432,0.302702703,0.194594595,0.005405405,0.145945946,0.118918919,0.275675676,0.254054054,0.2,0.005405405,0.12972973,0.075675676,0.2,0.286486486,0.302702703,0.010810811,0.124324324,0.075675676,0.189189189,0.308108108,0.291891892,0.010810811,0.27027027,0.167567568,0.254054054,0.2,0.097297297,0.005405405,0.135135135,0.048648649,0.156756757,0.286486486,0.367567568,0.005405405,0.12972973,0.075675676,0.156756757,0.227027027,0.405405405,0.005405405,0.12972973,0.048648649,0.227027027,0.335135135,0.254054054,0.005405405,0.162162162,0.097297297,0.205405405,0.221621622,0.308108108
RUS,176,1.016667353,0.999760503,1.105242336,0.979403928,1.248116751,0.97624131,0.676017389,0.992503351,1.041354978,0.913877748,1.050814353,0.142045455,0.147727273,0.198863636,0.210227273,0.125,0.176136364,0.090909091,0.204545455,0.198863636,0.221590909,0.119318182,0.164772727,0.073863636,0.181818182,0.181818182,0.215909091,0.159090909,0.1875,0.079545455,0.278409091,0.232954545,0.181818182,0.113636364,0.113636364,0.051136364,0.176136364,0.221590909,0.130681818,0.1875,0.232954545,0.079545455,0.295454545,0.159090909,0.181818182,0.102272727,0.181818182,0.113636364,0.477272727,0.170454545,0.113636364,0.051136364,0.073863636,0.090909091,0.295454545,0.113636364,0.119318182,0.130681818,0.25,0.085227273,0.284090909,0.119318182,0.113636364,0.125,0.272727273,0.090909091,0.329545455,0.130681818,0.136363636,0.130681818,0.181818182,0.068181818,0.272727273,0.170454545,0.181818182,0.130681818,0.176136364
BRA,156,0.967865549,0.903781781,0.958465243,0.882189071,1.160412671,1.022124497,0.809737041,1.115960851,1.153239349,1.023251414,1.002972532,0.025641026,0.141025641,0.096153846,0.307692308,0.243589744,0.185897436,0.032051282,0.192307692,0.115384615,0.282051282,0.179487179,0.198717949,0.019230769,0.185897436,0.096153846,0.269230769,0.211538462,0.217948718,0.025641026,0.205128205,0.147435897,0.301282051,0.141025641,0.179487179,0.032051282,0.128205128,0.019230769,0.128205128,0.16025641,0.532051282,0.006410256,0.192307692,0.070512821,0.275641026,0.198717949,0.256410256,0.025641026,0.269230769,0.173076923,0.224358974,0.134615385,0.173076923,0.019230769,0.153846154,0.051282051,0.115384615,0.211538462,0.448717949,0.025641026,0.147435897,0.044871795,0.173076923,0.185897436,0.423076923,0.038461538,0.16025641,0.083333333,0.192307692,0.134615385,0.391025641,0.012820513,0.185897436,0.083333333,0.243589744,0.16025641,0.314102564
CHL,149,0.975669679,0.910256243,1.011176969,0.933960327,1.185165369,1.002250759,0.873243842,1.07133853,1.089398884,0.916895065,1.030644333,0.033557047,0.167785235,0.127516779,0.268456376,0.167785235,0.234899329,0.020134228,0.261744966,0.161073826,0.201342282,0.134228188,0.22147651,0.033557047,0.187919463,0.120805369,0.174496644,0.214765101,0.268456376,0.020134228,0.268456376,0.087248322,0.194630872,0.167785235,0.261744966,0.013422819,0.201342282,0.040268456,0.073825503,0.167785235,0.503355705,0.026845638,0.248322148,0.046979866,0.147651007,0.161073826,0.369127517,0.020134228,0.302013423,0.087248322,0.255033557,0.120805369,0.214765101,0.006711409,0.22147651,0.080536913,0.127516779,0.161073826,0.402684564,0.013422819,0.208053691,0.093959732,0.11409396,0.127516779,0.44295302,0.040268456,0.248322148,0.093959732,0.201342282,0.174496644,0.241610738,0.013422819,0.241610738,0.080536913,0.147651007,0.120805369,0.395973154
NZL,142,0.935547791,0.901898025,0.95927651,0.968298314,1.058569932,1.084693365,0.799734111,1.144563731,1.114285474,1.006909785,1.026222962,0.063380282,0.11971831,0.084507042,0.274647887,0.225352113,0.232394366,0.028169014,0.190140845,0.14084507,0.274647887,0.161971831,0.204225352,0.014084507,0.218309859,0.077464789,0.190140845,0.246478873,0.253521127,0.021126761,0.183098592,0.091549296,0.23943662,0.211267606,0.253521127,0.028169014,0.154929577,0.063380282,0.154929577,0.309859155,0.288732394,0.014084507,0.176056338,0.028169014,0.147887324,0.23943662,0.394366197,0.021126761,0.23943662,0.197183099,0.288732394,0.112676056,0.14084507,0.007042254,0.154929577,0.028169014,0.105633803,0.309859155,0.394366197,0.028169014,0.161971831,0.028169014,0.063380282,0.190140845,0.528169014,0.007042254,0.190140845,0.091549296,0.232394366,0.169014085,0.309859155,0.042253521,0.169014085,0.028169014,0.147887324,0.232394366,0.38028169
SWE,138,0.889851175,0.867621886,0.937449272,0.940057854,1.071773601,1.112820488,0.855614319,1.094369403,1.100652868,1.012118841,1.117670294,0.028985507,0.108695652,0.108695652,0.239130435,0.31884058,0.195652174,0.02173913,0.108695652,0.130434783,0.326086957,0.231884058,0.18115942,0.02173913,0.115942029,0.065217391,0.18115942,0.369565217,0.246376812,0.007246377,0.115942029,0.108695652,0.210144928,0.326086957,0.231884058,0.014492754,0.072463768,0.036231884,0.137681159,0.31884058,0.420289855,0.007246377,0.072463768,0.043478261,0.137681159,0.268115942,0.471014493,0.014492754,0.188405797,0.086956522,0.217391304,0.253623188,0.239130435,0.014492754,0.086956522,0.043478261,0.079710145,0.260869565,0.514492754,0.014492754,0.072463768,0.065217391,0.086956522,0.246376812,0.514492754,0.02173913,0.094202899,0.072463768,0.210144928,0.260869565,0.34057971,0.007246377,0.094202899,0.057971014,0.152173913,0.268115942,0.420289855
DNK,126,0.961459181,0.908478238,0.987567812,0.862942591,1.142797284,1.023188992,0.799390814,1.11474706,1.207590466,0.979279907,1.012557655,0.007936508,0.119047619,0.087301587,0.317460317,0.301587302,0.166666667,0.023809524,0.111111111,0.150793651,0.357142857,0.19047619,0.166666667,0.007936508,0.126984127,0.055555556,0.293650794,0.293650794,0.222222222,0.007936508,0.158730159,0.158730159,0.30952381,0.23015873,0.134920635,0,0.079365079,0.047619048,0.19047619,0.261904762,0.420634921,0,0.134920635,0.103174603,0.214285714,0.23015873,0.317460317,0.015873016,0.206349206,0.174603175,0.285714286,0.19047619,0.126984127,0,0.079365079,0.055555556,0.174603175,0.341269841,0.349206349,0,0.087301587,0.031746032,0.126984127,0.222222222,0.531746032,0,0.111111111,0.134920635,0.277777778,0.23015873,0.246031746,0,0.126984127,0.095238095,0.222222222,0.253968254,0.301587302
NLD,123,0.988775931,0.923259144,0.952842193,0.871046669,1.069453929,1.036874166,0.799693505,1.067804396,1.166307001,0.963188992,1.160754074,0.032520325,0.073170732,0.073170732,0.235772358,0.268292683,0.317073171,0.024390244,0.113821138,0.113821138,0.333333333,0.162601626,0.25203252,0.024390244,0.081300813,0.073170732,0.325203252,0.276422764,0.219512195,0.040650407,0.12195122,0.113821138,0.292682927,0.227642276,0.203252033,0.032520325,0.081300813,0.040650407,0.138211382,0.333333333,0.37398374,0.024390244,0.081300813,0.073170732,0.154471545,0.268292683,0.398373984,0.032520325,0.170731707,0.203252033,0.25203252,0.138211382,0.203252033,0.032520325,0.06504065,0.048780488,0.162601626,0.308943089,0.382113821,0.008130081,0.056910569,0.016260163,0.18699187,0.260162602,0.471544715,0.024390244,0.113821138,0.089430894,0.25203252,0.25203252,0.268292683,0,0.073170732,0.048780488,0.211382114,0.211382114,0.455284553
KOR,121,1.001267431,0.9855152,0.98273044,0.920920552,1.045967984,0.975040334,0.8455175,1.061075887,1.092881959,1.073991076,1.015091637,0.016528926,0.289256198,0.074380165,0.26446281,0.157024793,0.198347107,0.008264463,0.272727273,0.132231405,0.214876033,0.214876033,0.157024793,0,0.314049587,0.082644628,0.239669421,0.165289256,0.198347107,0.033057851,0.314049587,0.123966942,0.148760331,0.190082645,0.190082645,0.008264463,0.280991736,0.090909091,0.181818182,0.132231405,0.305785124,0.008264463,0.297520661,0.107438017,0.198347107,0.140495868,0.247933884,0.033057851,0.355371901,0.157024793,0.190082645,0.082644628,0.181818182,0.008264463,0.280991736,0.05785124,0.115702479,0.256198347,0.280991736,0.024793388,0.272727273,0.041322314,0.123966942,0.165289256,0.371900826,0,0.289256198,0.066115702,0.115702479,0.239669421,0.289256198,0.008264463,0.297520661,0.115702479,0.157024793,0.140495868,0.280991736
POL,121,1.007116178,0.930565175,0.958921712,0.930809151,1.027437253,1.011986466,0.817301031,0.995034085,1.223433667,0.997646447,1.099748834,0.016528926,0.223140496,0.090909091,0.272727273,0.165289256,0.231404959,0.041322314,0.239669421,0.165289256,0.231404959,0.082644628,0.239669421,0.016528926,0.239669421,0.115702479,0.231404959,0.181818182,0.214876033,0.041322314,0.231404959,0.123966942,0.247933884,0.148760331,0.20661157,0.041322314,0.190082645,0.107438017,0.157024793,0.198347107,0.305785124,0.016528926,0.231404959,0.140495868,0.181818182,0.099173554,0.330578512,0.049586777,0.355371901,0.165289256,0.115702479,0.115702479,0.198347107,0.033057851,0.223140496,0.099173554,0.198347107,0.115702479,0.330578512,0.024793388,0.181818182,0.033057851,0.123966942,0.20661157,0.429752066,0.033057851,0.223140496,0.099173554,0.165289256,0.214876033,0.26446281,0.016528926,0.198347107,0.066115702,0.223140496,0.157024793,0.338842975
THA,116,0.922702449,1.025001135,0.889286299,0.83481578,1.058032053,1.11737966,0.754991837,1.131875897,1.119215438,1.112989457,1.033709996,0.00862069,0.025862069,0.172413793,0.353448276,0.172413793,0.267241379,0.00862069,0.017241379,0.086206897,0.336206897,0.181034483,0.370689655,0.017241379,0.060344828,0.137931034,0.344827586,0.215517241,0.224137931,0.025862069,0.051724138,0.189655172,0.379310345,0.181034483,0.172413793,0,0.034482759,0.068965517,0.232758621,0.25862069,0.405172414,0.00862069,0,0.043103448,0.206896552,0.275862069,0.465517241,0.017241379,0.103448276,0.267241379,0.336206897,0.129310345,0.146551724,0,0.00862069,0.025862069,0.25862069,0.224137931,0.482758621,0.00862069,0.00862069,0.060344828,0.206896552,0.189655172,0.525862069,0.00862069,0,0.068965517,0.206896552,0.206896552,0.50862069,0.00862069,0.00862069,0.112068966,0.267241379,0.189655172,0.413793103
IND,112,1.058612557,1.000928198,0.950128964,0.837359851,1.100983442,1.024197664,0.794230717,1.026599854,1.154366434,1.044978117,1.007614201,0.017857143,0.142857143,0.107142857,0.214285714,0.285714286,0.232142857,0.017857143,0.142857143,0.133928571,0.142857143,0.276785714,0.285714286,0.026785714,0.178571429,0.080357143,0.214285714,0.267857143,0.232142857,0.026785714,0.214285714,0.151785714,0.241071429,0.196428571,0.169642857,0.026785714,0.125,0.053571429,0.116071429,0.258928571,0.419642857,0.026785714,0.142857143,0.089285714,0.151785714,0.267857143,0.321428571,0.026785714,0.258928571,0.196428571,0.151785714,0.1875,0.178571429,0.026785714,0.160714286,0.053571429,0.142857143,0.205357143,0.410714286,0.026785714,0.133928571,0.026785714,0.089285714,0.133928571,0.589285714,0.017857143,0.205357143,0.053571429,0.196428571,0.160714286,0.366071429,0.026785714,0.160714286,0.098214286,0.169642857,0.196428571,0.348214286
CHN,106,0.918537797,1.088990475,1.035748464,0.923223673,1.039803161,0.98475557,0.786708676,1.083596758,1.071998513,1.070547507,0.996089406,0.028301887,0.29245283,0.150943396,0.198113208,0.169811321,0.160377358,0.018867925,0.264150943,0.08490566,0.226415094,0.188679245,0.216981132,0.018867925,0.216981132,0.150943396,0.179245283,0.198113208,0.235849057,0.018867925,0.245283019,0.179245283,0.245283019,0.226415094,0.08490566,0.028301887,0.226415094,0.08490566,0.188679245,0.20754717,0.264150943,0.018867925,0.273584906,0.113207547,0.122641509,0.216981132,0.254716981,0.066037736,0.330188679,0.179245283,0.226415094,0.113207547,0.08490566,0.018867925,0.235849057,0.103773585,0.094339623,0.160377358,0.386792453,0.018867925,0.245283019,0.08490566,0.160377358,0.150943396,0.339622642,0.009433962,0.235849057,0.094339623,0.179245283,0.169811321,0.311320755,0.009433962,0.264150943,0.122641509,0.198113208,0.160377358,0.245283019
FIN,96,0.910388822,0.859473458,0.867151106,0.915554656,1.11434918,1.139340708,0.894820064,1.145241665,1.111970404,1.03659196,1.005117979,0.020833333,0.09375,0.15625,0.21875,0.364583333,0.145833333,0.03125,0.114583333,0.145833333,0.375,0.208333333,0.125,0.041666667,0.09375,0.104166667,0.385416667,0.21875,0.15625,0.010416667,0.104166667,0.21875,0.229166667,0.197916667,0.239583333,0.010416667,0.072916667,0.052083333,0.135416667,0.302083333,0.427083333,0,0.0625,0.041666667,0.15625,0.385416667,0.354166667,0.010416667,0.09375,0.208333333,0.28125,0.21875,0.1875,0,0.083333333,0.052083333,0.083333333,0.3125,0.46875,0.020833333,0.072916667,0.0625,0.114583333,0.197916667,0.53125,0,0.114583333,0.072916667,0.145833333,0.385416667,0.28125,0.010416667,0.145833333,0.0625,0.166666667,0.270833333,0.34375
ISR,79,0.974243893,0.946129586,0.998097132,0.9454806,1.270877704,0.888767693,0.788070608,1.226461714,1.086692396,0.932797114,0.94238156,0.075949367,0.17721519,0.088607595,0.227848101,0.189873418,0.240506329,0.063291139,0.215189873,0.088607595,0.202531646,0.189873418,0.240506329,0.050632911,0.189873418,0.113924051,0.189873418,0.253164557,0.202531646,0.025316456,0.278481013,0.151898734,0.215189873,0.139240506,0.189873418,0.012658228,0.189873418,0.075949367,0.139240506,0.139240506,0.443037975,0.075949367,0.240506329,0.113924051,0.17721519,0.139240506,0.253164557,0.063291139,0.341772152,0.126582278,0.215189873,0.113924051,0.139240506,0.025316456,0.17721519,0.063291139,0.126582278,0.215189873,0.392405063,0.050632911,0.215189873,0.075949367,0.113924051,0.164556962,0.379746835,0.063291139,0.253164557,0.063291139,0.139240506,0.227848101,0.253164557,0.088607595,0.227848101,0.063291139,0.126582278,0.139240506,0.35443038
SVK,68,0.962067312,0.960086212,0.980991746,0.904485362,0.91569557,1.099158715,0.728660129,1.136617582,1.08661543,1.158196824,1.067425119,0,0.161764706,0.132352941,0.323529412,0.279411765,0.102941176,0.014705882,0.161764706,0.147058824,0.294117647,0.191176471,0.191176471,0.044117647,0.191176471,0.044117647,0.191176471,0.308823529,0.220588235,0,0.220588235,0.205882353,0.220588235,0.205882353,0.147058824,0.044117647,0.132352941,0.147058824,0.338235294,0.176470588,0.161764706,0.029411765,0.132352941,0.058823529,0.161764706,0.279411765,0.338235294,0.014705882,0.338235294,0.235294118,0.205882353,0.102941176,0.102941176,0.014705882,0.161764706,0.058823529,0.161764706,0.191176471,0.411764706,0,0.176470588,0.073529412,0.161764706,0.235294118,0.352941176,0,0.147058824,0.029411765,0.205882353,0.191176471,0.426470588,0,0.117647059,0.117647059,0.25,0.294117647,0.220588235
ROU,67,0.954984463,0.988434257,0.967560432,0.931052136,1.130507333,0.941577562,0.836156029,1.047320298,1.110037523,1.033481177,1.058888789,0.044776119,0.194029851,0.029850746,0.28358209,0.208955224,0.23880597,0.014925373,0.208955224,0.089552239,0.208955224,0.23880597,0.23880597,0.014925373,0.208955224,0.119402985,0.223880597,0.164179104,0.268656716,0.029850746,0.208955224,0.149253731,0.208955224,0.149253731,0.253731343,0.044776119,0.134328358,0.089552239,0.134328358,0.134328358,0.462686567,0.029850746,0.208955224,0.149253731,0.134328358,0.223880597,0.253731343,0.014925373,0.388059701,0.119402985,0.164179104,0.119402985,0.194029851,0.029850746,0.208955224,0.044776119,0.149253731,0.164179104,0.402985075,0.029850746,0.194029851,0.059701493,0.179104478,0.089552239,0.447761194,0.014925373,0.194029851,0.074626866,0.223880597,0.149253731,0.343283582,0.014925373,0.194029851,0.089552239,0.179104478,0.194029851,0.328358209
NOR,66,0.973211902,1.048549561,1.000635856,0.922984169,1.035183574,0.997302256,0.761110351,1.079980776,1.153762939,1.024735485,1.002543129,0.015151515,0.196969697,0.075757576,0.227272727,0.181818182,0.303030303,0.015151515,0.196969697,0.136363636,0.318181818,0.121212121,0.212121212,0.015151515,0.166666667,0.090909091,0.212121212,0.227272727,0.287878788,0.015151515,0.227272727,0.121212121,0.136363636,0.272727273,0.227272727,0.015151515,0.181818182,0.075757576,0.136363636,0.212121212,0.378787879,0.045454545,0.166666667,0.090909091,0.151515152,0.166666667,0.378787879,0.045454545,0.227272727,0.242424242,0.227272727,0.136363636,0.121212121,0.03030303,0.151515152,0.015151515,0.151515152,0.257575758,0.393939394,0.03030303,0.121212121,0.075757576,0.121212121,0.166666667,0.484848485,0.015151515,0.196969697,0.060606061,0.136363636,0.227272727,0.363636364,0.045454545,0.181818182,0.03030303,0.212121212,0.151515152,0.378787879
CZE,61,0.981193046,0.971522075,0.975978949,0.855710804,1.049083452,1.070767771,0.795453351,1.155457822,1.124235508,0.984499564,1.036097658,0,0.131147541,0.098360656,0.278688525,0.295081967,0.196721311,0,0.131147541,0.06557377,0.409836066,0.180327869,0.213114754,0,0.114754098,0.049180328,0.426229508,0.229508197,0.180327869,0.016393443,0.245901639,0.114754098,0.196721311,0.213114754,0.213114754,0,0.131147541,0.049180328,0.213114754,0.262295082,0.344262295,0.016393443,0.098360656,0.032786885,0.196721311,0.295081967,0.360655738,0.032786885,0.213114754,0.131147541,0.295081967,0.229508197,0.098360656,0,0.098360656,0.081967213,0.114754098,0.229508197,0.475409836,0,0.098360656,0.049180328,0.196721311,0.180327869,0.475409836,0,0.131147541,0.131147541,0.262295082,0.114754098,0.360655738,0,0.147540984,0.081967213,0.229508197,0.196721311,0.344262295
GRC,61,0.9756746,0.998461073,1.075047765,0.858393648,1.146320802,0.999146702,0.758073452,1.115401358,1.147844331,1.012457114,0.913179154,0,0.081967213,0.049180328,0.475409836,0.229508197,0.163934426,0.032786885,0.06557377,0.06557377,0.31147541,0.213114754,0.31147541,0.016393443,0.06557377,0.098360656,0.081967213,0.344262295,0.393442623,0.016393443,0.180327869,0.081967213,0.37704918,0.180327869,0.163934426,0,0.06557377,0.081967213,0.131147541,0.213114754,0.508196721,0.016393443,0.098360656,0.06557377,0.278688525,0.229508197,0.31147541,0.032786885,0.229508197,0.131147541,0.327868852,0.114754098,0.163934426,0,0.081967213,0.049180328,0.114754098,0.360655738,0.393442623,0,0.06557377,0.049180328,0.163934426,0.262295082,0.459016393,0.016393443,0.06557377,0.098360656,0.278688525,0.245901639,0.295081967,0.032786885,0.147540984,0.06557377,0.295081967,0.163934426,0.295081967
ISL,61,0.92920589,0.971141851,1.041890711,0.949697579,0.957683812,0.993580172,0.772302735,1.154816639,1.076500088,1.156742855,0.996437668,0.032786885,0.098360656,0.06557377,0.295081967,0.245901639,0.262295082,0.016393443,0.114754098,0.049180328,0.180327869,0.360655738,0.278688525,0.016393443,0.114754098,0.06557377,0.032786885,0.37704918,0.393442623,0,0.147540984,0.049180328,0.229508197,0.31147541,0.262295082,0.032786885,0.163934426,0.032786885,0.081967213,0.295081967,0.393442623,0,0.131147541,0.049180328,0.180327869,0.344262295,0.295081967,0.032786885,0.213114754,0.081967213,0.344262295,0.147540984,0.180327869,0,0.081967213,0,0.114754098,0.213114754,0.590163934,0.032786885,0.114754098,0,0.081967213,0.213114754,0.557377049,0,0.098360656,0,0.081967213,0.196721311,0.62295082,0,0.131147541,0.016393443,0.245901639,0.262295082,0.344262295
IRL,56,0.885751404,0.924225878,0.999026079,0.908412538,1.150306117,0.971015634,0.795901317,1.161471661,1.259760896,0.873155749,1.070972727,0.017857143,0.178571429,0.125,0.303571429,0.25,0.125,0.017857143,0.160714286,0.142857143,0.321428571,0.232142857,0.125,0.017857143,0.142857143,0.089285714,0.232142857,0.321428571,0.196428571,0,0.196428571,0.142857143,0.267857143,0.196428571,0.196428571,0,0.125,0.035714286,0.142857143,0.267857143,0.428571429,0,0.178571429,0.071428571,0.267857143,0.303571429,0.178571429,0,0.321428571,0.125,0.232142857,0.142857143,0.178571429,0,0.089285714,0.053571429,0.178571429,0.25,0.428571429,0,0.107142857,0.017857143,0.053571429,0.321428571,0.5,0,0.285714286,0.089285714,0.196428571,0.232142857,0.196428571,0.017857143,0.142857143,0.071428571,0.142857143,0.285714286,0.339285714
